path,bytes,sha256
3_ddr_test.pds,32236,760c4ffd6569693f0cd20b5a46c0b5f871627b65b1e5198997b6b97baa6a3f8e
ddr_test.fdc,72646,fbabe45a14da0563566cad4c33c13c2e22e9b5de86da9b3d639ea94446276dd2
generate_bitstream/test_ddr.sbit,2101696,a0f4aa53c4fb0aed6f4563467c7ef77334e3ec5a430f9d1ecb6b48cb8894e482
ipcore/ddr_test/ddr_test.idf,60740,316c373e9a6914ba3ba9186c4f93cdd6f14d26fd66e0f1f0b64f69da651e7852
ipcore/ddr_test/ddr_test.v,21124,6bf6d9ee0db3792303b9d16ad80cb48aa76269cec465122507d06d00de748a58
ipcore/ddr_test/ddr_test_ddrphy_top.v,29635,414c1abf71a2abcd50eb43bdb6e85ac7ef6b9574197dd04fab311f2a41858fb5
ipcore/ddr_test/rtl/ddrphy/ipsxb_ddrphy_calib_mux_v1_3.vp,10171,27c26f2525341f18e1b8df6a1e7a0572744dd381c27484d5db6b3c548e535737
ipcore/ddr_test/rtl/ddrphy/ipsxb_ddrphy_calib_top_v1_3.vp,24178,49c449190f1db36a236ddf5436a720c68df0db1fb30f81b1a7373fae6c65acbf
ipcore/ddr_test/rtl/ddrphy/ipsxb_ddrphy_control_path_adj_v1_0.vp,10690,f671b14d430fbf3850b66b2de2f18faae00089e4009d37b7929a73f713567d85
ipcore/ddr_test/rtl/ddrphy/ipsxb_ddrphy_data_slice_dqs_gate_cal_v1_3.vp,6520,e3c5b32fe4f183bdde115542a610b428847ac18c7f16cd11d8d2d9a85d87db75
ipcore/ddr_test/rtl/ddrphy/ipsxb_ddrphy_data_slice_v1_4.vp,26727,ddfee83c4b81c9ef7018cac83cf60debebada35e506391399196d736b2cb9e98
ipcore/ddr_test/rtl/ddrphy/ipsxb_ddrphy_data_slice_wrlvl_v1_4.vp,17001,e612d7feb9e0b44db641d296f537bc411a453738a7212b6bd1ec016986c9a3d1
ipcore/ddr_test/rtl/ddrphy/ipsxb_ddrphy_dfi_v1_4.vp,18926,1f7459834bac8d9af7917e2188a971c4f582355be99eb9286804c4efd5024280
ipcore/ddr_test/rtl/ddrphy/ipsxb_ddrphy_dll_update_ctrl_v1_0.vp,6560,33e2d7facae11ae25390bcdf371cb7415ea63bef08ff643833f01dba202b9d73
ipcore/ddr_test/rtl/ddrphy/ipsxb_ddrphy_dqs_gate_coarse_cal_v1_3.vp,11034,41e4daafdf0c95625e9cff50ea3436cfef08e6b6810d2d9fa8161ba66f720fa3
ipcore/ddr_test/rtl/ddrphy/ipsxb_ddrphy_dqs_rddata_align_v1_3.vp,13758,964fa08b5d24d0665aae8aba775a12245e923d0b6c3e2ab14f9adf4acaecea92
ipcore/ddr_test/rtl/ddrphy/ipsxb_ddrphy_dqsi_rdel_cal_v1_2.vp,22492,5aadf6cb691d8f0b3f1622915e83c8db5c0c167363353e3ee89789521c24a875
ipcore/ddr_test/rtl/ddrphy/ipsxb_ddrphy_drift_ctrl_v1_3.vp,14171,4e2ac5faaae95646e7fbbc5f972d713967f96ae170f1a88c01b78e1ea3d79202
ipcore/ddr_test/rtl/ddrphy/ipsxb_ddrphy_gate_update_ctrl_v1_3.vp,6195,96f5c9e8b974d20b9c576fc08f289d211239072d5a3b91ff8988a7b70e73cdd6
ipcore/ddr_test/rtl/ddrphy/ipsxb_ddrphy_gatecal_v1_3.vp,19748,a763125b488bcf321212e7a2b1200bea4f024539cba72c9b34e758f30a03537f
ipcore/ddr_test/rtl/ddrphy/ipsxb_ddrphy_info_v1_0.vp,9413,840a3ea99bfc94675fc42d5ca634f50ea966909480c5baad4bf0c164261c1667
ipcore/ddr_test/rtl/ddrphy/ipsxb_ddrphy_init_v1_0.vp,18905,b874a0dc3243b0892b860f385154c5d1793049c67e872e29aaddddcc683272c1
ipcore/ddr_test/rtl/ddrphy/ipsxb_ddrphy_main_ctrl_v1_3.vp,8052,0e317da70a21b1f337adf279a91f52ad25d7117e6a201e20c61399d21bf5f8a3
ipcore/ddr_test/rtl/ddrphy/ipsxb_ddrphy_rdcal_v1_2.vp,37860,d5a2ede347070419bb5d557af5285d63773c47bf2670f5d3a4e9960b860863b0
ipcore/ddr_test/rtl/ddrphy/ipsxb_ddrphy_reset_ctrl_v1_4.vp,13348,0de24dd0233310c66436a64cb2fba542b1923926c42a7eb324ebbe8339e7951a
ipcore/ddr_test/rtl/ddrphy/ipsxb_ddrphy_rst_debounce_v1_0.vp,3752,f708b94deb7f4e9d405c72c3c88e91aae091167f34b7aa14f0440e5df972feef
ipcore/ddr_test/rtl/ddrphy/ipsxb_ddrphy_slice_rddata_align_v1_0.vp,8011,e3c8d11c96f357bc19b7e6ec06b6bf1fa5763e428f4f922b3f78ee8be3c74c2f
ipcore/ddr_test/rtl/ddrphy/ipsxb_ddrphy_slice_top_v1_4.v,45270,52507d2e1d10bc84365ca0a5cbb20cb2170123f8cef1ffd9316ef0ea81018c13
ipcore/ddr_test/rtl/ddrphy/ipsxb_ddrphy_training_ctrl_v1_0.vp,4096,28c1255f836b63a698dbeef211b8d056c9f06f303118b45ac739d6bdb7f1b173
ipcore/ddr_test/rtl/ddrphy/ipsxb_ddrphy_upcal_v1_4.vp,30857,825d8c65e1b7efa571bb5b77deb4e2dfe47ea8823cf99104f26575b8f2d716e6
ipcore/ddr_test/rtl/ddrphy/ipsxb_ddrphy_wdata_path_adj_v1_0.vp,10710,71cdc3bf29e350b54b8718a72d67897f27b7d85120b158765a171d922e0bc722
ipcore/ddr_test/rtl/ddrphy/ipsxb_ddrphy_wrlvl_v1_0.vp,12355,08bd585484ea604edb24748c1f79e6840d49ac932da0dead6ce9194a2a3653f5
ipcore/ddr_test/rtl/ipsxb_rst_sync_v1_1.v,1027,1abb75175732808122bc02d5339d1bb5157ed8b16b5e69f36323ed3012bfc36f
ipcore/ddr_test/rtl/mcdq_ctrl/distributed_fifo/ipsxb_distributed_fifo_v1_0.v,4477,b6a19f62bb11ce3d9dbbcffbccba23a559bf5e58a36048efeef8bca2d57698cf
ipcore/ddr_test/rtl/mcdq_ctrl/distributed_fifo/rtl/ipsxb_distributed_fifo_ctr_v1_0.v,12235,4988ab24d05d8f75aa5bb1292ec771dbca12b7258fa636ba44b8d5d35827dfeb
ipcore/ddr_test/rtl/mcdq_ctrl/distributed_fifo/rtl/ipsxb_distributed_fifo_v1_0_distributed_fifo_v1_0.v,4378,713efc60b4defc15b51e97bb1d1b61f2c08c6bdc65ed5a3fc79e30cb0e063b9e
ipcore/ddr_test/rtl/mcdq_ctrl/distributed_fifo/rtl/ipsxb_distributed_sdpram_v1_0_distributed_fifo_v1_0.v,3749,342ae5ecbcd84760b24f3720346509eb0f00113c0782c78a91aa32e9e5233aab
ipcore/ddr_test/rtl/mcdq_ctrl/ipsxb_mcdq_apb_cross_v1_2.vp,9458,9817d8cda763433996cc1675f2d1174d316901853ee0d7eae57d2fdaecd9de41
ipcore/ddr_test/rtl/mcdq_ctrl/ipsxb_mcdq_calib_delay_v1_2.vp,6495,7f60041369b17c15692fc3b707509daaee0e27bbdb819cd22c6d67a303103b84
ipcore/ddr_test/rtl/mcdq_ctrl/ipsxb_mcdq_cfg_apb_v1_2.vp,41835,5b6f08004fd7da7a57abb62082626f3ab0cea837443765110a89eff5d84eb17b
ipcore/ddr_test/rtl/mcdq_ctrl/ipsxb_mcdq_dcd_bm_v1_2.vp,17414,c67857b3aaea6c162c91c12b6eb4ce73d3e5213192e6ac798712570e07d362a0
ipcore/ddr_test/rtl/mcdq_ctrl/ipsxb_mcdq_dcd_rowaddr_v1_2.vp,4510,87ba8feceb0f84653397fef0285c5ae565701069c2f29ea4c97b4ada62388b5c
ipcore/ddr_test/rtl/mcdq_ctrl/ipsxb_mcdq_dcd_sm_v1_2.vp,14860,aa30c84c80b2dd45cb647f205286966cd0e714309705c2715b96d0fe4d352741
ipcore/ddr_test/rtl/mcdq_ctrl/ipsxb_mcdq_dcd_top_v1_2.vp,12161,452805ec44e366887358f123e290ff7ab242bfc3de2c714e0e349db47307dd0c
ipcore/ddr_test/rtl/mcdq_ctrl/ipsxb_mcdq_dcp_back_ctrl_v1_2.vp,48319,4f645cc8225aa6eb86efd8842f94bfde0925e6d803fcd5520784eb54ce1a6156
ipcore/ddr_test/rtl/mcdq_ctrl/ipsxb_mcdq_dcp_buf_v1_2.vp,21714,e94e6d6e1f8fef62760b0093ab44365b6ae1dfc93b2d319348d36bfdbaad831a
ipcore/ddr_test/rtl/mcdq_ctrl/ipsxb_mcdq_dcp_out_v1_2.vp,14860,e5629413a12e61e9827d16e81042ab98ccd034f76686483a06adaac9219d8934
ipcore/ddr_test/rtl/mcdq_ctrl/ipsxb_mcdq_dcp_top_v1_2.vp,24048,5ce0fb7b97717005968cf87eb194ec1a8e200e010d456aaf7fc438a6dd9b932a
ipcore/ddr_test/rtl/mcdq_ctrl/ipsxb_mcdq_dfi_v1_2.vp,32068,6fd3c16f4cc27a883c32ff1d144f95d405c023cdb0c2bf9e7f56bb62c55915f6
ipcore/ddr_test/rtl/mcdq_ctrl/ipsxb_mcdq_lp_v1_2.vp,22816,47e537ebaa657a80efd8fc52bf0b7cf637d09d3324a26108412403fac3a29ec4
ipcore/ddr_test/rtl/mcdq_ctrl/ipsxb_mcdq_mrs_v1_2.vp,23420,a592a694825beb9d685b826dc4798e23946cdca0c19defc329d3e9ffdcf3cced
ipcore/ddr_test/rtl/mcdq_ctrl/ipsxb_mcdq_prefetch_fifo_v1_2.vp,5956,ddd21b4e0c05eec4a905012de46b1cf5e1a1e19b24402129cdb1328a1e2192ea
ipcore/ddr_test/rtl/mcdq_ctrl/ipsxb_mcdq_rdatapath_v1_2.vp,5134,eb45672813ceb5fb3b092f8571d33cc53a7a8fd46aab774c86bee93974fc7ad3
ipcore/ddr_test/rtl/mcdq_ctrl/ipsxb_mcdq_reg_fifo2_v1_2.vp,4745,984868b17a9cb72c8527eb9721c385db47848eb5995e2214dfb12f7fb7488ab7
ipcore/ddr_test/rtl/mcdq_ctrl/ipsxb_mcdq_ui_axi_v1_2.vp,19619,35c02a7cc20d3438467219382f93c18f816e6b85def19c43823fd5b51ed1bed7
ipcore/ddr_test/rtl/mcdq_ctrl/ipsxb_mcdq_wdatapath_v1_2.vp,11598,524e5209c872e558b2a288beda20dd41302e688629319e298318af3f60e1a7e4
ipcore/ddr_test/rtl/mcdq_ctrl/ipsxb_mcdq_wdp_align_v1_2.vp,9587,e59fbd40f712d742d6c83c569b9db7093b7a554f3b586b716cc1f20d9f2f9d8e
ipcore/ddr_test/rtl/mcdq_ctrl/ipsxb_mcdq_wdp_dcp_v1_2.vp,9004,8be54379996b61850b07897b05fac782f5c20ab0f6082b5f742c93c9f9fe8509
ipcore/ddr_test/rtl/mcdq_ctrl/ipsxb_mcdq_wrapper_v1_2a.vp,46399,8b7e46e51f44f404eb2fe83a61798d9b6d4d6842eda776c850e9f550e59481c9
ipcore/ddr_test/rtl/mcdq_ctrl/syn_mod/ipsxb_mcdq_com_timing_v1_2.vp,6540,bff02cc4bb0a7b813e514469ce3de09be2699bd0253a66d70833814c4162383c
ipcore/ddr_test/rtl/mcdq_ctrl/syn_mod/ipsxb_mcdq_tfaw_timing_v1_2.vp,8615,be61d8a57803eeeb2ebbbe01e4a26ce9d3938bc9eaca7c75a2ec46136465be1b
ipcore/ddr_test/rtl/mcdq_ctrl/syn_mod/ipsxb_mcdq_tfaw_v1_2.vp,4011,ee8a5cc9c62f8816e70e40f7d9e6346951ca16b1568dab2379a0fc6371816884
ipcore/ddr_test/rtl/mcdq_ctrl/syn_mod/ipsxb_mcdq_timing_act2wr_pass_v1_2.vp,7533,f763529f782066d6160c8f35c5be2783be4d83a67e4d4cefb55f8ae9a103ee6d
ipcore/ddr_test/rtl/mcdq_ctrl/syn_mod/ipsxb_mcdq_timing_act_pass_v1_2.vp,5806,7618bfdecac49c407877ece1bb3077fdfbc0ed076b6ac20c645d1ba4a5b2ca09
ipcore/ddr_test/rtl/mcdq_ctrl/syn_mod/ipsxb_mcdq_timing_pre_pass_v1_2.vp,10106,5f1bc9d563a7fe206168c1983c2ee01cffb1cb63e70d27bfc58c07efb516b06f
ipcore/ddr_test/rtl/mcdq_ctrl/syn_mod/ipsxb_mcdq_timing_rd_pass_v1_2.vp,8530,2d65d4edfca30f607194592b2b6912c596bdc22ee51b45bb91a4f5cc18f58352
ipcore/ddr_test/rtl/mcdq_ctrl/syn_mod/ipsxb_mcdq_timing_ref_pass_v1_2.vp,5588,03054ae1f132d2d067c1c6931297b3ed153ed7c5e2b3d853dfe6d1c8ed535c12
ipcore/ddr_test/rtl/mcdq_ctrl/syn_mod/ipsxb_mcdq_timing_wr_pass_v1_2.vp,8505,388fdaaae7d099052907db59e0693703575ff6475d50848834d0d862a452ea6c
ipcore/ddr_test/rtl/mcdq_ctrl/syn_mod/ipsxb_mcdq_trc_timing_v1_2.vp,10280,ceeaa64f1dee5b05e65a5757adc4fdadcc57f68c117df00374583b955b0e3d7e
ipcore/ddr_test/rtl/pll/ipsxb_ddrphy_pll_v1_0.v,10005,9b9d97ecd3e10a84a40b729b06ea721cb1db47e705a909d0be95dceeda63603e
ipcore/hsst/hsst.idf,113483,1986bca63828ec79efad3af9aa53aca4b1e0c9f194eb1bf3797bb7d6f60d70c8
ipcore/hsst/hsst.v,68814,4ecbde08dd6535a00037c44f55207eb5adae93bde88e7ff1d7efc4af72dd1983
ipcore/hsst/rtl/ipml_hsst_hsst_wrapper_v1_4.v,199280,948532c7cb829b445312319faf08fea6a480329dbdae41b9f5a77b88f09f3b43
ipcore/hsst/rtl/ipml_hsst_rst/ipml_hsst_fifo_clr_v1_0.v,7523,d33ae6b4de41b1fc4f5e504f17569e45c8f85fb82aa80d421e03f3c26d6b3203
ipcore/hsst/rtl/ipml_hsst_rst/ipml_hsst_lane_powerup_v1_0.v,15937,1f7e25895b54f26329fac7578e3becb9e2af2d3c777a12b38ff2097bf2e8de90
ipcore/hsst/rtl/ipml_hsst_rst/ipml_hsst_pll_rst_fsm_v1_0.v,4684,c7a4bf7fef04b6b6b97de01cbbb61a0b9890ee47adebf3d117d29460ff5f51a2
ipcore/hsst/rtl/ipml_hsst_rst/ipml_hsst_rst_debounce_v1_0.v,2256,85826b29179e7f44647b2a55043d514e7ba1f3359d18face9eedc9e0dc1a8d82
ipcore/hsst/rtl/ipml_hsst_rst/ipml_hsst_rst_pll_v1_0.v,6398,fabd43b7e3ebdc88bbf89cc2f043a99b50f890a9d6c0cf792e84494ee314be13
ipcore/hsst/rtl/ipml_hsst_rst/ipml_hsst_rst_rx_v1_1.v,31305,55c5543f4d7d13122503a37f2408ee830f2c4aa7d8d23a3e085154914f4331f7
ipcore/hsst/rtl/ipml_hsst_rst/ipml_hsst_rst_sync_v1_0.v,1156,805a9b57c100e3966cc02ab21712cc54c604f866b0b831f45c2bf5efca1344d8
ipcore/hsst/rtl/ipml_hsst_rst/ipml_hsst_rst_tx_v1_0.v,30960,7feb4369132c8b6d46a43305984b1ad54c6d3e1aa1f356d93bbc4e0c46b27024
ipcore/hsst/rtl/ipml_hsst_rst/ipml_hsst_rst_v1_1.v,44995,ce8225c82117b9ca878cfe682892c44e1550cb1441f9460ade209882360e8673
ipcore/hsst/rtl/ipml_hsst_rst/ipml_hsst_rst_wtchdg_v1_0.v,2929,fbdbe0863e2546ddafe005974047b2458b0c536bc7a7f916b694d346fa039b60
ipcore/hsst/rtl/ipml_hsst_rst/ipml_hsst_rxlane_rst_fsm_v1_1.v,19149,4b8a17f26b77320323696ab536793b3991285a5cc744f5abde94fcb3a0c0ecc6
ipcore/hsst/rtl/ipml_hsst_rst/ipml_hsst_txlane_rst_fsm_v1_0.v,14291,1e92de4cb9b34d6484b9b3e8b98d523efd8b81e722b3250874fb88d168485808
ipcore/interpolation_ram/interpolation_ram.idf,5425,01b054053b6ae79ced62179114314906f11706de5299ff9ef0cfe8893d6c9dea
ipcore/interpolation_ram/interpolation_ram.v,7889,dcb683e7e5688cd25d1a219ee8a9e4385e647d116211503c320e8774667d9727
ipcore/interpolation_ram/rtl/ipml_sdpram_v1_6_interpolation_ram.v,92037,8a558c7ddadab62a8d5ffd56454d637d3660a7e4f4331490c1eaff9e0b0696b7
ipcore/pll_cfg/pll_cfg.idf,19328,84477ccddfa99651fc01fd93dfd15ca224b59900e9f3f391b96b80c4990353cd
ipcore/pll_cfg/pll_cfg.v,9947,a99fd09b44300f8420a8aedb1ce4078e933dbb2b2a3d40cca65406cca3bbf8de
ipcore/pll_phase/pll_phase.idf,19999,c5339732bf0dbd598a7c64764ae1accaadd9571a25dc4fd16d76d80844e8f8a1
ipcore/pll_phase/pll_phase.v,10230,69d485b428ada1640c51d3d6349dd1a06b61bad715749d5d4c190513b4c21204
ipcore/pll_video_out/pll_video_out.idf,19203,e0ab010f73443ef496ace8f0d025632246d761162709e776daa93f39e86aab30
ipcore/pll_video_out/pll_video_out.v,9922,153033760a6817fb8a6b2e28a91042a9afe747025559a9b808d10f6e44e27406
ipcore/read_ddr_fifo/read_ddr_fifo.idf,6790,3db52334ec6b34941c65bb587a18e8c746cd7a1431682b07e8c0d26e2ace4ec5
ipcore/read_ddr_fifo/read_ddr_fifo.v,8990,1d64f5a3115bed4a890c10b3b3ec2ea990d6278e0837c55aeca9ef3787750b1a
ipcore/read_ddr_fifo/rtl/ipml_fifo_ctrl_v1_4_read_ddr_fifo.v,14363,f0dbf5e0cef64852f4d3fdfb8dd8f855851a0ee2ca1f52eba227038d17836cb9
ipcore/read_ddr_fifo/rtl/ipml_fifo_v1_9_read_ddr_fifo.v,7398,5f431ba0cb881f380ba8cc067a4c5b81c570eaf12218965f8c09a4a4c562484e
ipcore/read_ddr_fifo/rtl/ipml_sdpram_v1_9_read_ddr_fifo.v,91819,d0154b2d9d72e1aacdee0d522eb1adc8873afd75edda36f38140ff0e2d017176
ipcore/sfp_rx_32x2048/rtl/ipml_fifo_ctrl_v1_4_sfp_rx_32x2048.v,14364,1ae651301cdcd58929e7617e289344f9cfb0bc6c2671656f837216017bbe1019
ipcore/sfp_rx_32x2048/rtl/ipml_fifo_v1_9_sfp_rx_32x2048.v,7401,4ba70eba8deef65d221f51abf2c64e971596a8884bd4dd23683c252b7e48e6ca
ipcore/sfp_rx_32x2048/rtl/ipml_sdpram_v1_9_sfp_rx_32x2048.v,91940,1c9a17b146afaff9a4a99a008223bcda71daf27979121d4741fbe617ef220cb7
ipcore/sfp_rx_32x2048/sfp_rx_32x2048.idf,6577,91da71760e73e8a4727806a89938f8b66cbdd2ba8deee20614a936b612ed72dd
ipcore/sfp_rx_32x2048/sfp_rx_32x2048.v,8854,9249fc3a0dd14c84c1494eab06f15ca7ccae4c84dd9e0cef404a6d002e0d4298
ipcore/sfp_tx_4096x16/rtl/ipml_fifo_ctrl_v1_4_sfp_tx_4096x16.v,14364,90f44399e95ba9d7e394c6295bcc18650795634b638dc8fa451a0b9ae7374d90
ipcore/sfp_tx_4096x16/rtl/ipml_fifo_v1_9_sfp_tx_4096x16.v,7401,7aed00efa7a2b1be5b45e47a7df3a7e67010169ad642e5b28348b4b382ce2ddf
ipcore/sfp_tx_4096x16/rtl/ipml_sdpram_v1_9_sfp_tx_4096x16.v,91940,ff420de0ab752c4ebabec24ef8531c49f9264a2f814ef1c897df39bb56510434
ipcore/sfp_tx_4096x16/sfp_tx_4096x16.idf,6577,1d09b85ceec16314a54f23146c957e838d5cefc5de471aa95c71ef36996aa4dc
ipcore/sfp_tx_4096x16/sfp_tx_4096x16.v,8854,42032646668b6c8148790dee2b041b7be235d33ab49b52a85ad051546d5868de
ipcore/write_ddr_fifo/rtl/ipml_fifo_ctrl_v1_4_write_ddr_fifo.v,14364,1413da26cfb3dcdfc7e5d433f76142accdd1a11fb5e2c4c45bd9ef5feb55617a
ipcore/write_ddr_fifo/rtl/ipml_fifo_v1_9_write_ddr_fifo.v,7401,8cb2fcc58e7eb0e38cc66534dfc4f6f4e3520fac33e2486dd4b7bd13b3cc1a21
ipcore/write_ddr_fifo/rtl/ipml_sdpram_v1_9_write_ddr_fifo.v,91820,707112bebdfa94aab430c95ad64409c5f9f6cb036d740bb403e0312337ad5035
ipcore/write_ddr_fifo/write_ddr_fifo.idf,6802,60c6e381f3b307d0b943f1e49f8dc70772bf63727bbb41281e2fb5f33378c804
ipcore/write_ddr_fifo/write_ddr_fifo.v,8995,c5ae9fbc4a515e6c4cb80a642f0d4043307648482813e83c1cbf2b5f2a6c8004
source/axi_m.v,17015,b5baca01e6e9a451e1841de1692189181bd56e9c6dd023548a65767fd64e9432
source/axi_m_arbitration.v,43940,509fb7bb0dd74ebed9f064740e8ff20f77ff1f177044237ad90d71026b513d5a
source/cmos_8_16bit.v,3147,96e792b99f4f298900d0c5eadb79740baa42dbdb04b5cc71494c8f088da45e51
source/crc32_d8.v,6933,3e7424faf623cf2858bf3fc46fd1e2847ad2693022acf6162f413ee68481b13b
source/ddr_test_top.v,44202,09c42ec4e7e491bbd83b2e7c6228915c478f8b69c4330ce035ad42405d1b5eed
source/eth_img_rec.v,6888,d4f081e79fff75a87724fc283e8b98d05ce806975a09384f8cb17bfeb08ad158
source/ethernet.v,6930,e219d488996eb1a9cf5599f3b229446c39124107e2899b55606b5d9a52fd4ae6
source/gmii_to_rgmii.v,8108,fe921ba8a6e845a040c2ce5680e51f8c91eb3a4ac5e486b07a93c9a929b6ec43
source/hdmi_ctrl.v,10488,cc60b15d5d04f9635dba57c67c6e7bf2436dd4005ee338961999f37fd2aebb90
source/i2c_com.v,3824,1cba1c5556b5baa0a2cd558e5ec32cb272e5344a2548e8606cb0b31966db7a5e
source/iic_rx_driver.v,15807,dc473c04df6924f6117ac5d19fae110371984c383dfa859a57b9213182d1e88e
source/iic_tx_driver.v,15807,57754dcc5f6f953b9eccefdd3f6608990ec8a6d2c3d451539a9dccc3075269f9
source/ms7200_ctrl.v,31325,282da15fed33db25b8f5c3a6ce29735b0aacc6d234e1e0c5c5880d8a42453d6c
source/ms7210_ctrl.v,11484,f7fbd1c620d4f64b505629b331cf6cc9014483b3596680d0aa5b9cbb2ed49f03
source/ov5640_power_on_delay.v,1847,b0f6d0e63710d23ccea79ab4e4af5f2ae3979902ae2a56e0c705fa57389506ea
source/ov5640_reg_cfg_0.v,13878,e761f3e28c7f82aeb5da4b7ac4e0e9778658f9b3f110624349d22eebd2335020
source/ov5640_reg_config.v,14218,71a9f9bb84521be84556b928add68f388c5de63bb5040ff7bad23104ea79ce60
source/rw_fifo_ctrl.v,5665,c9c31229943bdd1e6cb93ebca0e0f56bbce968b32f3af1bc01c9b7bf7037fea9
source/sfp_8b10b_top.v,7350,f1787dcef5f7ba5344bcb65aa8c7387581349c9645640d69355bc4011804876e
source/sfp_data_align.v,2974,700d530371484f7180906205a3e10be894fc47b79a5532939a6c0f81429cd5a2
source/sfp_decode.v,5340,078aa271d6c43f9996cd149487c7764e105cc2a12e5a2098e1986e99c1100bf9
source/sfp_encoder.v,11959,0819743cddc8f03831760e49d650b5a3dc8339ed43aac82e535769c32a21344d
source/sync_generator.v,4671,7dc94cee98d6c4822292e3c05bcbc97a74cb599e0ddf1b30f8966e36928a7252
source/udp_rx.v,10799,17663b9ff110decdc600f781e97b42c22a22f256ea106cac3455e5c5b2e0342f
source/udp_top.v,3901,b3ba634b4342645821d8086191a6145fc08010956793c667f2fedf76333c86be
source/udp_tx.v,15970,2d50cc004c8710cbbbd4c137742582b28220fb62365ff73e1e10978c539fee0c
source/video_zoom.v,21425,f479966451e9801e16e5ab8d7694e14f0bd10b6652c88bdd6d12af47f6e01a48
