"Path","SHA256"
".gitignore","44B8896235760E74F520435739427FBC3481389D8B6E5B9F6CEA3F353A24BB97"
"archive/BUILD_STATUS.before_handshake.md","62BAC951D72F77D8A6885539FB808BCC88D9ADED5C2CAE4A3B34C956249258FB"
"archive/hdmi_ddr_pice.original.pds","96A5FBD1570642C2B66597E5DEAE0259F17ED857E5C909F0CE6BFB3F45E7A3E1"
"archive/impl.original.tcl","47A6781CA807A094C51DBEC5F314FB835C318D89F02B4517069FD43C73C26753"
"archive/pcie_dma_ctrl.before_handshake.v","9B2BC9CC12186BFD9FFF27658A4D37A6EA377783F8BBFC878DB31205777D391C"
"archive/README.before_handshake.md","733FAB98ABB254A86D144FD53EDA12DEE8507D37695EFCA9DCD5E983214334BB"
"archive/SOURCE_MANIFEST.before_handshake.csv","F62D49E4D9E2B74848131C302256E61FF852D6DC70C9794F7BF2022E2B974F1A"
"BUILD_STATUS.md","E2315DD63931B76B51966BE8F5A214257B232B437B8C4AC85452670B555D853B"
"docs/CODE_NOTES.md","439FBE4ADAFDAE394AFA0B4D1418758B200324E424B5C8DBAD16F6A31105DA1B"
"docs/pcie_dma_ctrl_changes.patch","3C58692C8D5EC38912BA11C343AB78E6EFD82286E8D1BC4DF8AF055B50A35D48"
"docs/RC_HANDSHAKE_GUIDE.md","ED86DDB2CF624F919CC16A6531CFA882F8ECA0AA00B795663C2BEF0A8CE95A00"
"hdmi_ddr_pice.pds","5D045078468559B288D3B2E907BB665702F99AAB40AD719E8D9164CC42953297"
"ipcore/ddr_test/ddr_test_ddrphy_top.v","D269E3EC828C5149C9A80D9B37C1F2943B002779794F1C8DC200C1595FCA33C0"
"ipcore/ddr_test/ddr_test_tmpl.v","7BB6C244BA2CB3C07E20A025E3402B6E01AFDA8A6908371998052C8918F498FE"
"ipcore/ddr_test/ddr_test_tmpl.vhdl","EC072B2046919AAAB2019E7F2D44DF89A7F22AB51B49F742C308331D47F4AA39"
"ipcore/ddr_test/ddr_test.idf","58F2088812C36DDA2D09B0EAAB7AF9AF2B48CFC859CFF8FCFEB7072EBE0AB5D7"
"ipcore/ddr_test/ddr_test.v","B0F4E4EB7E16D904D287BB652AB10099D53609AEE70AC7599E6FFD57DFC66F4D"
"ipcore/ddr_test/ddr3_test.idf","E046550655FE381D94AD250387FEF9168C2BCB5455005873182340E2EB362AE8"
"ipcore/ddr_test/example_design/bench/ddr3_tb/ddr_test_top_tb.v","C7376ECD188401B42EEE685AD67C3E947B689BA2BF29AA8B6A6AA100C7B357AE"
"ipcore/ddr_test/example_design/bench/ddr3_tb/ddr_test_top_tb.v.bak","3C913B91E73D66EE33EB634ECF26FA69D1D71343011FCC153EAB5E5FA32CB204"
"ipcore/ddr_test/example_design/bench/ddr3_tb/sync_gen_tb.v","A8EB0A253C15E93279342713B27241F1677E8079453921C507C55C364CFBD2A0"
"ipcore/ddr_test/example_design/bench/mem/ddr3_parameters.vh","E93D207748ABAFF5406E6243D34C6B1696DC1F6A1716CCA7F9A256146376AB6E"
"ipcore/ddr_test/example_design/bench/mem/ddr3.v","55CC64087412DDE7E628BE6132D6F41252343F6F5B394DEFE8D0E73DF76A354D"
"ipcore/ddr_test/example_design/rtl/axi_bist_top_v1_0.v","583F88C5A115BDB6EC81D7217E71BEDBFD250A6F2A7F7CBAB19F2EB7B3648605"
"ipcore/ddr_test/example_design/rtl/prbs15_64bit_v1_0.v","0BB5DF486165BF0BE77EB6C6F2D460BEB578918C06DB1C795C5D44EC8CF7BE94"
"ipcore/ddr_test/example_design/rtl/prbs31_128bit_v1_0.v","6F792D3091347A3BF00268FD0752E3C049FC80C8790457B6E7DA767E0B2BF6A7"
"ipcore/ddr_test/example_design/rtl/test_ddr.v","6369092CE19C77EB455C8B0ACE5B2EBA416349F10B26DCD8230F680C3D21AB6F"
"ipcore/ddr_test/example_design/rtl/test_main_ctrl_v1_0.v","1D9A5BA7A6FED34AE09A6F46B0E3F7E2F24C17EF02110ECA1C270C2422769EB0"
"ipcore/ddr_test/example_design/rtl/test_rd_ctrl_v1_0.v","D1BC613B0102EFB2E13EEFBC131D62AD4CDE63CE7F3CF6FC781268DE707E9ADE"
"ipcore/ddr_test/example_design/rtl/test_wr_ctrl_v1_0.v","A455E81D4EE494006B25B466537E5EB7D9ACFB28D24F4F5531365E1A00145913"
"ipcore/ddr_test/example_design/rtl/uart_ctrl_32bit/ipsxb_clk_gen_32bit.v","95F234297BBFFE4EB3D58085B754AE17AE8587B4358DC29955C0239AFE23690A"
"ipcore/ddr_test/example_design/rtl/uart_ctrl_32bit/ipsxb_cmd_parser_32bit.v","6B23F02D539FF728990E8EB33DD1FB81CE1AFAD6B2D5AF80F7432B8FC3866E45"
"ipcore/ddr_test/example_design/rtl/uart_ctrl_32bit/ipsxb_seu_rs232_intf.v","8C04001EBB2B08BA2DA74BA158DC5CC07F78453F9887F3AFF1AE2539221CE6AA"
"ipcore/ddr_test/example_design/rtl/uart_ctrl_32bit/ipsxb_seu_uart_rx.v","88F5965A8AF63E84CF0117F86B05F8FE0EA3BD1372ED7D302C9D1927D1076EC5"
"ipcore/ddr_test/example_design/rtl/uart_ctrl_32bit/ipsxb_seu_uart_tx.v","F76056304B40C637AC0BA4141BA6A1CF31B8F232F39EB45554A177C0928A4965"
"ipcore/ddr_test/example_design/rtl/uart_ctrl_32bit/ipsxb_uart_ctrl_32bit.v","EFB84E45DD42912C0B16BA9CE180E910F515F29CF7A366BBA7C447F25C999E68"
"ipcore/ddr_test/example_design/rtl/uart_ctrl_32bit/ipsxb_uart_ctrl_top_32bit.v","DA093889197790A04B845BC2D42B8992F8AD937F90C7BA179B78DF7526DDF8E3"
"ipcore/ddr_test/example_design/rtl/uart_ctrl_32bit/ipsxb_ver_ctrl_32bit.v","C62AC9D0E8E74287DA722E9A20FE77E2F78C14A4B37D1ADFBC7CA4BDA72F212B"
"ipcore/ddr_test/example_design/rtl/uart_rd_lock.v","1B5E1EDAE05DA4A960A041B95836AA3E4EAFC3918A4E29038B6E18ECFCF76589"
"ipcore/ddr_test/pnr/ddr_test.fdc","085C59EDD441C587993FEB735D98E4208511232648B7364F40A4D0A00D7AB991"
"ipcore/ddr_test/pnr/ddr_test.pds","5B7C319A80E525BEFC2F71A7A97A2A21C8EBBD68A17867EFF58B83CD2DF9C8BD"
"ipcore/ddr_test/pnr/ddr_test.rcf","39389369575D9489CA29DAD71536E8CB91837F15BECD628B383DBE4FAD2083D7"
"ipcore/ddr_test/readme.txt","FF89B8F95725DBC94824377F2106B6D57E2C9FF3394E411D8D1C8676F05F5157"
"ipcore/ddr_test/rtl/ddrphy/ipsxb_ddrphy_calib_mux_v1_3.vp","7E9AD09FCA81FC3D75AC64490482A0229E43E759E721BDD331EA6F461EFB68CF"
"ipcore/ddr_test/rtl/ddrphy/ipsxb_ddrphy_calib_top_v1_3.vp","40E7F6EA3CEA378FD3D4184079AE4831F8EE68748DA3ECBB9649121A592CC919"
"ipcore/ddr_test/rtl/ddrphy/ipsxb_ddrphy_control_path_adj_v1_0.vp","634A3CDCB4CC55D5D049E6F41D4F93A77B7A187D31A0C1E912DD8B8E3D04DFCD"
"ipcore/ddr_test/rtl/ddrphy/ipsxb_ddrphy_data_slice_dqs_gate_cal_v1_3.vp","F816FE6BFBD8DB04D02D8DB6D5069A07C0A528D2F5CAD63232D8251ED6ABF7D7"
"ipcore/ddr_test/rtl/ddrphy/ipsxb_ddrphy_data_slice_v1_4.vp","00623023276622F43639D6432D77D264807E17BEB22D485184B95C060CBF266C"
"ipcore/ddr_test/rtl/ddrphy/ipsxb_ddrphy_data_slice_wrlvl_v1_4.vp","4A6E81662C7FE366013C55781D363BC7445CC48889276065292C3E7CABFF0EEA"
"ipcore/ddr_test/rtl/ddrphy/ipsxb_ddrphy_dfi_v1_4.vp","AAFDB5BC87F9CAD3B9F1DF99E4C943CC15FF10FD9F77787295CD81A483E438A6"
"ipcore/ddr_test/rtl/ddrphy/ipsxb_ddrphy_dll_update_ctrl_v1_0.vp","0B94CF4F77A976C7410739BD17A5167ADF9681E95730EBDE92768F77C60D81C2"
"ipcore/ddr_test/rtl/ddrphy/ipsxb_ddrphy_dqs_gate_coarse_cal_v1_3.vp","8D02EA31DC022970ACD06C4E7DA18B07611259E8615E5C1C60B030BB89694737"
"ipcore/ddr_test/rtl/ddrphy/ipsxb_ddrphy_dqs_rddata_align_v1_3.vp","D5C9DBE7D967CB73F2BE361139CECAC10FA542DD390FC8F9CC27190E1C52602F"
"ipcore/ddr_test/rtl/ddrphy/ipsxb_ddrphy_dqsi_rdel_cal_v1_2.vp","E7FF641B9AC8C34CBF1BD942E52954992A22995F03D014D62D775902CDA7A978"
"ipcore/ddr_test/rtl/ddrphy/ipsxb_ddrphy_drift_ctrl_v1_3.vp","65C9C8FE62FECB38C130A914A64470A69BCBC43F064F51F6BDA993D54B0EB7E9"
"ipcore/ddr_test/rtl/ddrphy/ipsxb_ddrphy_gate_update_ctrl_v1_3.vp","27C0FC81ACE234D51F1426949A1CBF9EE3723788A61C662D3B63FF311B59E5A6"
"ipcore/ddr_test/rtl/ddrphy/ipsxb_ddrphy_gatecal_v1_3.vp","E7A5C9F89E2884421F636D38560978AFB66AD22D657F40A986C1E19BF302FF70"
"ipcore/ddr_test/rtl/ddrphy/ipsxb_ddrphy_info_v1_0.vp","EB743EDBCA72C31D1ACDBCD8D9CC145887E8661606EF537BFC2E1515E73F3ECF"
"ipcore/ddr_test/rtl/ddrphy/ipsxb_ddrphy_init_v1_0.vp","3B27DF6DB8A24FCCD5230787D9C0DA48B13ED5E95BC7E77DAC5CE7B4386E96BF"
"ipcore/ddr_test/rtl/ddrphy/ipsxb_ddrphy_main_ctrl_v1_3.vp","2807FE69DA43FAF0FD6DDF55CD6AC66FB8608A4D52BCD2C22F9C7604598AB31F"
"ipcore/ddr_test/rtl/ddrphy/ipsxb_ddrphy_rdcal_v1_2.vp","C15C3B9414A6E026D75885CCFDA661B6CC372A67CCA029F700E450BB1FCFA676"
"ipcore/ddr_test/rtl/ddrphy/ipsxb_ddrphy_reset_ctrl_v1_4.vp","B851BF96E1BD12F39A3A40F68874C898C8C7FA258ED3275E5D154F340EB196C6"
"ipcore/ddr_test/rtl/ddrphy/ipsxb_ddrphy_rst_debounce_v1_0.vp","832FC2AB7AA03FECB47F5688208488687AF935199CBA6BE6360865A459AC45E9"
"ipcore/ddr_test/rtl/ddrphy/ipsxb_ddrphy_slice_rddata_align_v1_0.vp","DDC1AE207085ED0EEA6BB225AEFBABCA3236B30CF917D3D48F10D8F89D4BC5F3"
"ipcore/ddr_test/rtl/ddrphy/ipsxb_ddrphy_slice_top_v1_4.v","B59741B9B1B74804824074DE2495D0182278B277EB2301B7966B8A6A1EA66F72"
"ipcore/ddr_test/rtl/ddrphy/ipsxb_ddrphy_training_ctrl_v1_0.vp","0A9BBD7193B1C502DB48BE2C650C433A686F6F4177347ACD2165E12C6D152D54"
"ipcore/ddr_test/rtl/ddrphy/ipsxb_ddrphy_upcal_v1_4.vp","7E3A4E9BEAA1A7997AC1868A4D5B23B726A9FF521CCC30DDA82FB75DC3AB53DF"
"ipcore/ddr_test/rtl/ddrphy/ipsxb_ddrphy_wdata_path_adj_v1_0.vp","46F89510B505BF16535B0F320478792EBBE0B72980C837243B0CE8223533E3CF"
"ipcore/ddr_test/rtl/ddrphy/ipsxb_ddrphy_wrlvl_v1_0.vp","FF330FBB0A4F8DAEAE29D7358618728389E5DF4F67451AF0B6C4AED02C29CB85"
"ipcore/ddr_test/rtl/ipsxb_rst_sync_v1_1.v","6A2BED550881E00A4343AF4628A3047F0852CB8D28DD03FF1D3BBBD64C2C72E9"
"ipcore/ddr_test/rtl/mcdq_ctrl/distributed_fifo/ipsxb_distributed_fifo_v1_0.v","5395FA9859185A47BFA6FBDCBEDDF172487358ACB6EB694D3B6A6B5D742D1DA3"
"ipcore/ddr_test/rtl/mcdq_ctrl/distributed_fifo/rtl/ipsxb_distributed_fifo_ctr_v1_0.v","B54CA51FF2DF9FE00C55649011B08652784995566D8A109189D5AC38F0FDC255"
"ipcore/ddr_test/rtl/mcdq_ctrl/distributed_fifo/rtl/ipsxb_distributed_fifo_v1_0_distributed_fifo_v1_0.v","20465B7BB1000BADD6F5FA9AEBFE6639BCBC33AEB21260C7E836B5D43DA922A4"
"ipcore/ddr_test/rtl/mcdq_ctrl/distributed_fifo/rtl/ipsxb_distributed_sdpram_v1_0_distributed_fifo_v1_0.v","4262DC3DE05465C855C14B46707EEAEB4C36620B879F64C650E9028FF323350C"
"ipcore/ddr_test/rtl/mcdq_ctrl/ipsxb_mcdq_apb_cross_v1_2.vp","543415914578CE5CC32062ECAB2028A66284FC6CA9F92022C67A2487EB1245B5"
"ipcore/ddr_test/rtl/mcdq_ctrl/ipsxb_mcdq_calib_delay_v1_2.vp","718BA5D16DFDA2DCFC86473FF597CFFE144626293A20323BF5E8133B7674B9AE"
"ipcore/ddr_test/rtl/mcdq_ctrl/ipsxb_mcdq_cfg_apb_v1_2.vp","78B6E5897B6A18511D023337247097488CD335B20F8EB7C9B12188E4AA52EDF3"
"ipcore/ddr_test/rtl/mcdq_ctrl/ipsxb_mcdq_dcd_bm_v1_2.vp","20F3F4813780C1C17F259149CFECFE5996971644EE1EFE518D589285940CAABA"
"ipcore/ddr_test/rtl/mcdq_ctrl/ipsxb_mcdq_dcd_rowaddr_v1_2.vp","6BEC721BF6359B508309AB14A997F8BA4A289DB2BA3E053FACACB50974E3683C"
"ipcore/ddr_test/rtl/mcdq_ctrl/ipsxb_mcdq_dcd_sm_v1_2.vp","3EE89FF529082E6C239C8F6CA492599944D736FF0E6875F31CE099712DD3EA89"
"ipcore/ddr_test/rtl/mcdq_ctrl/ipsxb_mcdq_dcd_top_v1_2.vp","5DA9AFD0171475D3BC1386D4F38065755980B6F51138D10C0DD5054F782E72D5"
"ipcore/ddr_test/rtl/mcdq_ctrl/ipsxb_mcdq_dcp_back_ctrl_v1_2.vp","98487CD7CD777B807FB81B38C4972671145F4F219669F5D16647EEE14828E2BE"
"ipcore/ddr_test/rtl/mcdq_ctrl/ipsxb_mcdq_dcp_buf_v1_2.vp","133B3FA169F35F9C54495A9E706D12876AC16C014CBA08D2D329D5B75352AAF4"
"ipcore/ddr_test/rtl/mcdq_ctrl/ipsxb_mcdq_dcp_out_v1_2.vp","9DC2DFC62D836CB445130146FFA4BABDD765DC3DC60AF23C036063E017FAE5BE"
"ipcore/ddr_test/rtl/mcdq_ctrl/ipsxb_mcdq_dcp_top_v1_2.vp","CF196B79516CBBE447A06E3339ACEFAE5AA9656FF3BB6F56FA755D5B2F5B6A71"
"ipcore/ddr_test/rtl/mcdq_ctrl/ipsxb_mcdq_dfi_v1_2.vp","9453747ABCE7B0645BAE398D3CDB52646B87534B74FD162A7670EFB2FF9B6FDC"
"ipcore/ddr_test/rtl/mcdq_ctrl/ipsxb_mcdq_lp_v1_2.vp","BCDDD9547071EB1339AA995C84EA9812BA5EAAADB65A346460A54EEFD26A126E"
"ipcore/ddr_test/rtl/mcdq_ctrl/ipsxb_mcdq_mrs_v1_2.vp","5D2A3E67C6988165E17F9DCA64B4607238227797B2926754BE109A5E8C14073C"
"ipcore/ddr_test/rtl/mcdq_ctrl/ipsxb_mcdq_prefetch_fifo_v1_2.vp","C100294EA0344DB9256BDAA53FD4011991AE5F433671E5CDCCEA10039F749100"
"ipcore/ddr_test/rtl/mcdq_ctrl/ipsxb_mcdq_rdatapath_v1_2.vp","C7E3C6337A4ADBA7F5287318031370DDA572E302AA0DAB8E0852AB85A3756927"
"ipcore/ddr_test/rtl/mcdq_ctrl/ipsxb_mcdq_reg_fifo2_v1_2.vp","4593355E308112D54771D4058E98072189F096068AB3E5DBA64D04D72FB1D4AB"
"ipcore/ddr_test/rtl/mcdq_ctrl/ipsxb_mcdq_ui_axi_v1_2.vp","CFA1E3EF69523210587003B24EA013B9CE03C5866CCBB30C0A61ECD00F2061B6"
"ipcore/ddr_test/rtl/mcdq_ctrl/ipsxb_mcdq_wdatapath_v1_2.vp","5C621C90234EC0B4D19A0EAE2D0252B380219A7C2DA1698B143473C4CC37309A"
"ipcore/ddr_test/rtl/mcdq_ctrl/ipsxb_mcdq_wdp_align_v1_2.vp","B8BFE2DB8963EC24AFA6410A3E9176CFDD623C8B8E4C233E5E1265F0DE16FB1D"
"ipcore/ddr_test/rtl/mcdq_ctrl/ipsxb_mcdq_wdp_dcp_v1_2.vp","A937308C0D1208C98DC38F8880C280CDFDE0416EEA023CA03DAB5F6BED820F83"
"ipcore/ddr_test/rtl/mcdq_ctrl/ipsxb_mcdq_wrapper_v1_2a.vp","4530CC469C0E3F356966368EE814F445B992AF58685A6BD1B9288023D7D13535"
"ipcore/ddr_test/rtl/mcdq_ctrl/syn_mod/ipsxb_mcdq_com_timing_v1_2.vp","0E67711DE8DEE025D47FD688A8BF553E4E059BB0C84E91ABEC11772215D589C1"
"ipcore/ddr_test/rtl/mcdq_ctrl/syn_mod/ipsxb_mcdq_tfaw_timing_v1_2.vp","F1F3F1BCBC01CB14BB15D5B356CFB4DD0D2032CED1BC5EC630A155D84B3DC4E3"
"ipcore/ddr_test/rtl/mcdq_ctrl/syn_mod/ipsxb_mcdq_tfaw_v1_2.vp","6C752353BFBE8D2A5C37916F4E968EF4D44D6646D4190E983D5479A668839509"
"ipcore/ddr_test/rtl/mcdq_ctrl/syn_mod/ipsxb_mcdq_timing_act_pass_v1_2.vp","D1F5FD312A4FACD92E4489793DC8CA5639BF87C1F32E84AD2A8F7886AF3EADE0"
"ipcore/ddr_test/rtl/mcdq_ctrl/syn_mod/ipsxb_mcdq_timing_act2wr_pass_v1_2.vp","ABC2CA4DA23271FAB7E141CBA44C92DFB9DA7ECD1525B8A2F306FF012C6B051C"
"ipcore/ddr_test/rtl/mcdq_ctrl/syn_mod/ipsxb_mcdq_timing_pre_pass_v1_2.vp","178A39739E3E8F427382D998994146D5D5E6A857F078DA5B63DBFC32DC151BB6"
"ipcore/ddr_test/rtl/mcdq_ctrl/syn_mod/ipsxb_mcdq_timing_rd_pass_v1_2.vp","1F32CE88BD5D0D39EABBBF5A42906E4B6C9C2F274AFD9814C06813F428E197A3"
"ipcore/ddr_test/rtl/mcdq_ctrl/syn_mod/ipsxb_mcdq_timing_ref_pass_v1_2.vp","3B026609F5853977BAB2D53C8E0A9B2436E92417E6259AFCB2EF1E806F411879"
"ipcore/ddr_test/rtl/mcdq_ctrl/syn_mod/ipsxb_mcdq_timing_wr_pass_v1_2.vp","DBAEC9281F38B8C0587691740A074C9F425E39C38EF7524C338537E1EAEDA214"
"ipcore/ddr_test/rtl/mcdq_ctrl/syn_mod/ipsxb_mcdq_trc_timing_v1_2.vp","39A2EE5C0CB5EAA9DB3AA048A059C71A5F4E9A187A7120B2BACD3F48C35828A9"
"ipcore/ddr_test/rtl/pll/ipsxb_ddrphy_pll_v1_0.v","0A47F7F471E89F5F3C32C6DE7F46DEBB5C3EC522CF3D2593BEBF2530A63BA866"
"ipcore/ddr_test/sim_lib/rtl/ddrphy/ipsxb_ddrphy_calib_mux_v1_3.vp","C09156139968F80167B8E4B2559AE28E6D3D8EC38B785592030955EEE5B22105"
"ipcore/ddr_test/sim_lib/rtl/ddrphy/ipsxb_ddrphy_calib_top_v1_3.vp","15DA63950BFC9A84DA27E2726FA614E7B1D3826B6C86B320DEF435AA5EB9A63E"
"ipcore/ddr_test/sim_lib/rtl/ddrphy/ipsxb_ddrphy_control_path_adj_v1_0.vp","B0168C924BCC2C75E1086F42D1D4071E6095B1A0358412406ACCC08FDAEAA1F5"
"ipcore/ddr_test/sim_lib/rtl/ddrphy/ipsxb_ddrphy_data_slice_dqs_gate_cal_v1_3.vp","42EC8BF6B49137BF75CD81FB7DB920053172EC2D22CB7576F86CFB2E4FAABD67"
"ipcore/ddr_test/sim_lib/rtl/ddrphy/ipsxb_ddrphy_data_slice_v1_4.vp","743838445470DDEEE9D764F518169F3AF01E6ECA20CC83EA6D9978C50D0A263A"
"ipcore/ddr_test/sim_lib/rtl/ddrphy/ipsxb_ddrphy_data_slice_wrlvl_v1_4.vp","FEF06608E18DE50E7C5C0797B88830CC1914FD2131DCCF808CB2E36522EEFAE3"
"ipcore/ddr_test/sim_lib/rtl/ddrphy/ipsxb_ddrphy_dfi_v1_4.vp","73130E4D53DFD548141F203E06FD4AEE51F481BFDD5FDBFF64E10ABCC79B5AF9"
"ipcore/ddr_test/sim_lib/rtl/ddrphy/ipsxb_ddrphy_dll_update_ctrl_v1_0.vp","F5E85C41B1192DA9E87EEF4FEDC5E8587C169B60CFFB0F60FE83509F7A83CDDB"
"ipcore/ddr_test/sim_lib/rtl/ddrphy/ipsxb_ddrphy_dqs_gate_coarse_cal_v1_3.vp","28440163909EC431C898D83FAF244E33BA0959DE68B5931CA870AEDC8AF4ABAE"
"ipcore/ddr_test/sim_lib/rtl/ddrphy/ipsxb_ddrphy_dqs_rddata_align_v1_3.vp","FCBCBFF087BCD939D55C5202B2F538C85406F48A910B4F2875886C6BF0C2E289"
"ipcore/ddr_test/sim_lib/rtl/ddrphy/ipsxb_ddrphy_dqsi_rdel_cal_v1_2.vp","B3A4F5C26FF96B6732E0B5DDD71AA9C22A6EDC2D968B45E93FB1F477E2F9DAAD"
"ipcore/ddr_test/sim_lib/rtl/ddrphy/ipsxb_ddrphy_drift_ctrl_v1_3.vp","C61E8059ECF549EDCAB1614B30CA90FB3BF127F0F77C1E48229086B76A9993DC"
"ipcore/ddr_test/sim_lib/rtl/ddrphy/ipsxb_ddrphy_gate_update_ctrl_v1_3.vp","8B4FCC1A377CE6D501CDFF8E41E4241DA064BACCCD7D121301E010ED1CFEEC5F"
"ipcore/ddr_test/sim_lib/rtl/ddrphy/ipsxb_ddrphy_gatecal_v1_3.vp","332BA6DD74AD1E9C05EFE02FE7C3DF1E697F17F83E4ECE0E02887D0928A2FDCA"
"ipcore/ddr_test/sim_lib/rtl/ddrphy/ipsxb_ddrphy_info_v1_0.vp","19E51E9C6252390D98FABBBE3FA30F131C7F88644FAF57AEE6506CB8EA085736"
"ipcore/ddr_test/sim_lib/rtl/ddrphy/ipsxb_ddrphy_init_v1_0.vp","D45E6E274F3C695433E851F47C278982B8D87FF4C53B3731EB1C0E086952DE09"
"ipcore/ddr_test/sim_lib/rtl/ddrphy/ipsxb_ddrphy_main_ctrl_v1_3.vp","13E1AF0E7D904DDD2CD2401078D86C38433C3F76FBEEC3D28DFD067745F598EC"
"ipcore/ddr_test/sim_lib/rtl/ddrphy/ipsxb_ddrphy_rdcal_v1_2.vp","C249DB57672E7F03F744241405954DA8F2F43F7CC66EBB7D5752BAFD56263876"
"ipcore/ddr_test/sim_lib/rtl/ddrphy/ipsxb_ddrphy_reset_ctrl_v1_4.vp","A09EAE1031AA4C081B5B315ACFCB6493FC443F5AB675E9BB31E632D0CFF9B297"
"ipcore/ddr_test/sim_lib/rtl/ddrphy/ipsxb_ddrphy_rst_debounce_v1_0.vp","F263C5813C787818354140091DC55119F9A6229AAAE8832DAB915A70C9FCE0C4"
"ipcore/ddr_test/sim_lib/rtl/ddrphy/ipsxb_ddrphy_slice_rddata_align_v1_0.vp","35BC96E2B7952DD700E5F1163A8103ECDD43CF15315BFFA1EFE19410CFE72A8B"
"ipcore/ddr_test/sim_lib/rtl/ddrphy/ipsxb_ddrphy_training_ctrl_v1_0.vp","3A4A7A41B43385BE76626C8DCB4D21CBDC363E14FC6312ACDD9F409921FC45DF"
"ipcore/ddr_test/sim_lib/rtl/ddrphy/ipsxb_ddrphy_upcal_v1_4.vp","12A135808993F594B9D3B167535CCB53A787EBB362FF92391FF8AB1FDF0F8503"
"ipcore/ddr_test/sim_lib/rtl/ddrphy/ipsxb_ddrphy_wdata_path_adj_v1_0.vp","ECB3D7A5DF6451E4B53E897043800BE19FFAE9B012888DDD890FACA5FB29DB05"
"ipcore/ddr_test/sim_lib/rtl/ddrphy/ipsxb_ddrphy_wrlvl_v1_0.vp","3E65B28910E87F2F6FD76D6063089803B6B9E22A59F82D8F3A6C62CFEC84AF73"
"ipcore/ddr_test/sim_lib/rtl/mcdq_ctrl/distributed_fifo/ipsxb_distributed_fifo_v1_0.v","5395FA9859185A47BFA6FBDCBEDDF172487358ACB6EB694D3B6A6B5D742D1DA3"
"ipcore/ddr_test/sim_lib/rtl/mcdq_ctrl/distributed_fifo/rtl/ipsxb_distributed_fifo_ctr_v1_0.v","B54CA51FF2DF9FE00C55649011B08652784995566D8A109189D5AC38F0FDC255"
"ipcore/ddr_test/sim_lib/rtl/mcdq_ctrl/distributed_fifo/rtl/ipsxb_distributed_fifo_v1_0_distributed_fifo_v1_0.v","20465B7BB1000BADD6F5FA9AEBFE6639BCBC33AEB21260C7E836B5D43DA922A4"
"ipcore/ddr_test/sim_lib/rtl/mcdq_ctrl/distributed_fifo/rtl/ipsxb_distributed_sdpram_v1_0_distributed_fifo_v1_0.v","4262DC3DE05465C855C14B46707EEAEB4C36620B879F64C650E9028FF323350C"
"ipcore/ddr_test/sim_lib/rtl/mcdq_ctrl/ipsxb_mcdq_apb_cross_v1_2.vp","82009811784C2B3E6ADB071084D36BA0EFAAA8B8FE6CC9F58A4ADBE24D1B8048"
"ipcore/ddr_test/sim_lib/rtl/mcdq_ctrl/ipsxb_mcdq_calib_delay_v1_2.vp","85F5E20B6F0D9B4CEE2D38276B7DA43455B864F033CA72169E4EE8353CE37991"
"ipcore/ddr_test/sim_lib/rtl/mcdq_ctrl/ipsxb_mcdq_cfg_apb_v1_2.vp","0BEE6B79A886E6ABADF46F1D0AB195BB7D7DCDF7D3447D4E824FA09771C98615"
"ipcore/ddr_test/sim_lib/rtl/mcdq_ctrl/ipsxb_mcdq_dcd_bm_v1_2.vp","E55EA95EB90DD7AA2ACCF3FA0ED8332063B867FC0D613C10B6E99827B0C3F393"
"ipcore/ddr_test/sim_lib/rtl/mcdq_ctrl/ipsxb_mcdq_dcd_rowaddr_v1_2.vp","C509F43BE3C78595EA055216CBF1720744EF883EA10EFE21F6969E0A208958ED"
"ipcore/ddr_test/sim_lib/rtl/mcdq_ctrl/ipsxb_mcdq_dcd_sm_v1_2.vp","A5CB84B619370601E83BCBCC18B4ED52785334A1D85CBD97D1B0A9A5155AE1D9"
"ipcore/ddr_test/sim_lib/rtl/mcdq_ctrl/ipsxb_mcdq_dcd_top_v1_2.vp","276DC92DD8A222FF37417BBDF42D92A99492F73555A0A244C37374A02096D744"
"ipcore/ddr_test/sim_lib/rtl/mcdq_ctrl/ipsxb_mcdq_dcp_back_ctrl_v1_2.vp","966DCCB2D05D9CDBC585FA42915063271413BDEBE0B64D40BB27D5C073D611E9"
"ipcore/ddr_test/sim_lib/rtl/mcdq_ctrl/ipsxb_mcdq_dcp_buf_v1_2.vp","7BC7192D8B6DE409A5298D13F3DA96BECC2328CF729F1B5948F306FA024CFB47"
"ipcore/ddr_test/sim_lib/rtl/mcdq_ctrl/ipsxb_mcdq_dcp_out_v1_2.vp","257BB65A04B816610C7C55A8449BB1E75D0FF3797C4E90A9D559ECC204503035"
"ipcore/ddr_test/sim_lib/rtl/mcdq_ctrl/ipsxb_mcdq_dcp_top_v1_2.vp","261E2C84CBA8AB6F3237BE4C267001C9613009D70809ADB6A0D303AB4A3E838E"
"ipcore/ddr_test/sim_lib/rtl/mcdq_ctrl/ipsxb_mcdq_dfi_v1_2.vp","C277A55C83C6B61C5055A4D8C21BFE082DAEC19D453690EC17E19BE0BEEC7E7F"
"ipcore/ddr_test/sim_lib/rtl/mcdq_ctrl/ipsxb_mcdq_lp_v1_2.vp","F43C7FBAFA6EDADEF1A64489AE0893CC88BC49EC80395B3010525AA60C13FB4A"
"ipcore/ddr_test/sim_lib/rtl/mcdq_ctrl/ipsxb_mcdq_mrs_v1_2.vp","BF92F13B1EDBEBD2A94BEF1D3F68F5A6BF8E35656DA4EB764FE0630D3051EB34"
"ipcore/ddr_test/sim_lib/rtl/mcdq_ctrl/ipsxb_mcdq_prefetch_fifo_v1_2.vp","15A8D14B6E34741C088883F9EEF3FEC16271B905A1E9F8250E41F2D89158EDAA"
"ipcore/ddr_test/sim_lib/rtl/mcdq_ctrl/ipsxb_mcdq_rdatapath_v1_2.vp","DA82CF099BD7D8D5E071959EDD03F1CBB747AB2CFD1902E9FE03E9A5586F2536"
"ipcore/ddr_test/sim_lib/rtl/mcdq_ctrl/ipsxb_mcdq_reg_fifo2_v1_2.vp","7327943EB13A83E3C1F1FC6D7CB99465FD516671112425C6C151541E23094686"
"ipcore/ddr_test/sim_lib/rtl/mcdq_ctrl/ipsxb_mcdq_ui_axi_v1_2.vp","14724154F2F96A92A45D8BE371F259E0837C7727FCCA5E0D5CBC8B6CF90B999E"
"ipcore/ddr_test/sim_lib/rtl/mcdq_ctrl/ipsxb_mcdq_wdatapath_v1_2.vp","E34991CB4BD58130FBA3AF02BBC60898B3AD7D9AEC0CF23D5D918E7B3506985B"
"ipcore/ddr_test/sim_lib/rtl/mcdq_ctrl/ipsxb_mcdq_wdp_align_v1_2.vp","24257D5C367854F48BDA084DD2142810CAD1BB420F931F7719CD3FC34C2F4ECF"
"ipcore/ddr_test/sim_lib/rtl/mcdq_ctrl/ipsxb_mcdq_wdp_dcp_v1_2.vp","D1B4F08EBE6C5BF3F4A9E5AE62C520D584ED61374FCFCDB3E91B37976CB63D72"
"ipcore/ddr_test/sim_lib/rtl/mcdq_ctrl/ipsxb_mcdq_wrapper_v1_2a.vp","FCAA5F9E858B94AE92B44BC6AAE0E31970C85E3A3CB3432BD6A4800985E5E8FB"
"ipcore/ddr_test/sim_lib/rtl/mcdq_ctrl/syn_mod/ipsxb_mcdq_com_timing_v1_2.vp","C9231A19DD63E1D5470E063180D8F2C1221FD78DB2050F3CD7FD247B56AFB729"
"ipcore/ddr_test/sim_lib/rtl/mcdq_ctrl/syn_mod/ipsxb_mcdq_tfaw_timing_v1_2.vp","AC0108CAB9E58DA68C56F6157BAF62DFCC81FB04D6C3E820327B136942A58E83"
"ipcore/ddr_test/sim_lib/rtl/mcdq_ctrl/syn_mod/ipsxb_mcdq_tfaw_v1_2.vp","148101BEBBE083A2F8475D4E5229CA665D4FD54F7749BC0192A6260E460E92E9"
"ipcore/ddr_test/sim_lib/rtl/mcdq_ctrl/syn_mod/ipsxb_mcdq_timing_act_pass_v1_2.vp","0861783115962A39CBAD0C7A252D39D1520CA364B8758BF96D7A053D23A1B914"
"ipcore/ddr_test/sim_lib/rtl/mcdq_ctrl/syn_mod/ipsxb_mcdq_timing_act2wr_pass_v1_2.vp","01447C8FB075A6E43CC0A8B3C636A54B2DE0CC9B5BBAF8F4B650BAB88248D60E"
"ipcore/ddr_test/sim_lib/rtl/mcdq_ctrl/syn_mod/ipsxb_mcdq_timing_pre_pass_v1_2.vp","12AD19172B41CC3CA3D68C167353CA8B90C9FC272DA1123FDC918F72A13A5504"
"ipcore/ddr_test/sim_lib/rtl/mcdq_ctrl/syn_mod/ipsxb_mcdq_timing_rd_pass_v1_2.vp","9BE02688F6E6DB213628B5FB5D69E7999660497E4997A06096357E75A16A893B"
"ipcore/ddr_test/sim_lib/rtl/mcdq_ctrl/syn_mod/ipsxb_mcdq_timing_ref_pass_v1_2.vp","2B2EA662DC232C0CDA18947A6D9DE51DC6C90A1B843379061BFD9032049A0F74"
"ipcore/ddr_test/sim_lib/rtl/mcdq_ctrl/syn_mod/ipsxb_mcdq_timing_wr_pass_v1_2.vp","1FDEDE72D31BEC2D0120FF3A3D5758742747964C5C9A6F5D7951435C4E9DFE4C"
"ipcore/ddr_test/sim_lib/rtl/mcdq_ctrl/syn_mod/ipsxb_mcdq_trc_timing_v1_2.vp","68923E10AB84EEB477580C924718AC4CF6FF809D74F22D0D22F77651E5341EEB"
"ipcore/ddr_test/sim/modelsim/modelsim.ini","A92EE060A827807E41AAC0DE7223CB6533616585593F87749B3CC2FF40DE268F"
"ipcore/ddr_test/sim/modelsim/ram_wave.do","56FEB517E22ADB753BA9A76620D3556F285AC8BB53A5BA478216EDA77C8D3303"
"ipcore/ddr_test/sim/modelsim/sim_file_list.f","D90058E0BDD670FD418ED14C4C68A57E1FE55C5F9CC7F3C2D6F76DDFBDEE6AC9"
"ipcore/ddr_test/sim/modelsim/sim.bat","03E5962D78682EDFB50BD862DDDC0FC9715BF9756D231EF292396288362975DB"
"ipcore/ddr_test/sim/modelsim/sim.tcl","F155AD6F3DA0D2BBD00ADB70C875BD90B978C3896F2FD9AE0844C9B1440E16EC"
"ipcore/ddr_test/sim/modelsim/wave.do","27074B39A8A846C61ECB3A441DA40F8233A5320DBBFD92711FE78D003807EFB3"
"ipcore/ddr_test/sim/vcs/makefile","F7E5CD2268A68D538AFD549358469C0DA20FB80BF4664E3DD7FEEC073269D8C6"
"ipcore/ddr_test/sim/vcs/sim_file_list.f","D90058E0BDD670FD418ED14C4C68A57E1FE55C5F9CC7F3C2D6F76DDFBDEE6AC9"
"ipcore/hdmi_pcie_fifo/hdmi_pcie_fifo_prefetch.v","C747614707B48239D501DEC918B4C1DBCC5388077A9E04CA6185CB5920439F1B"
"ipcore/hdmi_pcie_fifo/hdmi_pcie_fifo_tb.v","238830979FABB7F2E1F2E92E5477DBB45793135F6684F324BCEC3B2F10D69E43"
"ipcore/hdmi_pcie_fifo/hdmi_pcie_fifo_tmpl.v","2F6A271A25102B300294E1A638BC616EDA7C20B2B28A16DB7C16B28C8225A160"
"ipcore/hdmi_pcie_fifo/hdmi_pcie_fifo_tmpl.vhdl","9F38EC72F7E0CD42D3A015EDCC49D35214CC37D0243D601AFED80EB3FCDFE42B"
"ipcore/hdmi_pcie_fifo/hdmi_pcie_fifo.idf","29E2F5AE621ADBD3F6D854A244EB84A4FDD179B69112044CCCE13EE094DEE116"
"ipcore/hdmi_pcie_fifo/hdmi_pcie_fifo.v","5ABE6CF34D32B8BA26FC86FF7B7E58689066D1E64E65ECEC643BA5A9865ECEE5"
"ipcore/hdmi_pcie_fifo/rtl/ipml_fifo_ctrl_v1_3.v","F666F7B42D1DE14A8D1707861B8C8F9CA4BBCEBFDE656D725571CB00FDA3DA4A"
"ipcore/hdmi_pcie_fifo/rtl/ipml_fifo_v1_6_hdmi_pcie_fifo.v","700939AA9BBEB86C5E2064CC6C41BCCE2222C92C3D070698E42B61D5650AEF3F"
"ipcore/hdmi_pcie_fifo/rtl/ipml_prefetch_fifo_v1_6_hdmi_pcie_fifo.v","81DF7DB50F5B74C16D18ABF0A28C9E2E5E172ABD7E2B0009C0B5153DF26A33D4"
"ipcore/hdmi_pcie_fifo/rtl/ipml_reg_fifo_v1_0.v","439180D83A0ED98E958F073EF02B5B2A75CB5EC4FC17B975F8E0E0EB4E5800D8"
"ipcore/hdmi_pcie_fifo/rtl/ipml_sdpram_v1_6_hdmi_pcie_fifo.v","1B7E13824DA2F8E3FC363BD4B6806F3F45E1C1CD9600FF89F490676EE5DCA40B"
"ipcore/hsst/example_design/bench/hsst_top_tb.v","279EA61F8864D767A754D12BD35470BEC6EC9205916B5F6A04854D1D971087FC"
"ipcore/hsst/example_design/rtl/hsst_chk.v","C57C6C5E826D0465B3F7A84DA57E93AE1D3C6CC451BC8F5711C09C351944DCAD"
"ipcore/hsst/example_design/rtl/hsst_dut_top.v","4DE7DBBE5BABF0B4E1756B1C419B595935D06D925A352EF3D8BFB0D5554C2111"
"ipcore/hsst/example_design/rtl/hsst_if_top.v","A5E29BEFAD2DF77BB424DA959BAC57DEF9D7F8128F4F2B9B5EC6AA190F1506B8"
"ipcore/hsst/example_design/rtl/hsst_if.v","7BAA9873FF92026EBC3D07F2EECAE8EFF320D5108F1A7CF907D5C2F354AB3ED8"
"ipcore/hsst/example_design/rtl/hsst_src.v","E884F9B081EA7B2D710543DADB9BAA426B3EA1EE797518A2346C7094A747F679"
"ipcore/hsst/example_design/rtl/hsst_top.v","FBC547D4B658BB992A7BC57C1B140CE8D92F0EE6A8AF20CCFC77AAF2E5A58492"
"ipcore/hsst/hsst_tmpl.v","459BF4FCE7328C825A450C32279BE655A8D7367A6943D9E5CA25C6CE1041A46B"
"ipcore/hsst/hsst_tmpl.vhdl","A3BC6E08FE51AAF3A1D08EF1059941FAEED5C32D9A185C75ABE393D384D8CD2A"
"ipcore/hsst/hsst.idf","1986BCA63828EC79EFAD3AF9AA53ACA4B1E0C9F194EB1BF3797BB7D6F60D70C8"
"ipcore/hsst/hsst.v","4ECBDE08DD6535A00037C44F55207EB5ADAE93BDE88E7FF1D7EFC4AF72DD1983"
"ipcore/hsst/pnr/core_only/hsst.fdc","96C99180CA3E2464202BB531199F0AD0A47BE4FFEEF3EDF926B4FA0EED12B753"
"ipcore/hsst/pnr/core_only/hsst.pds","8F10260C9A5333CF082BE66AE14E690EAE154A47B4EDF52F8D410F991A9E5291"
"ipcore/hsst/pnr/example_design/impl.tcl","163C76FC685EFF7E319BC475A8A261FB8090AF97A40AE72D74D48B36DE1F706E"
"ipcore/hsst/pnr/example_design/multiseed_summary.csv","8D7BDCC52558872588F5F350F176BE94D966B75313A32CB944FDDD3C4C237F42"
"ipcore/hsst/pnr/example_design/pango_hsst_top.backup_1.pds","CEF070053B213DE3EC209678DE30D5C8323CFD1F40C0B2088DD45CDB01E7AD85"
"ipcore/hsst/pnr/example_design/pango_hsst_top.fdc","3E5C41B38B336774B9F0D0C246D878DC0B59D6FED829FEC89C276263FFB99799"
"ipcore/hsst/pnr/example_design/pango_hsst_top.pds","140E4C08CF0B57CB91F6169821DF0C4A022DF2848D92750AB27F760968F55B45"
"ipcore/hsst/readme.txt","07EF2DAB0CED3CA8EFCEC1E9DB05292EB6FE2DD03E5A4D8C066D3BC717890377"
"ipcore/hsst/rtl/ipml_hsst_hsst_wrapper_v1_4.v","948532C7CB829B445312319FAF08FEA6A480329DBDAE41B9F5A77B88F09F3B43"
"ipcore/hsst/rtl/ipml_hsst_rst/ipml_hsst_fifo_clr_v1_0.v","D33AE6B4DE41B1FC4F5E504F17569E45C8F85FB82AA80D421E03F3C26D6B3203"
"ipcore/hsst/rtl/ipml_hsst_rst/ipml_hsst_lane_powerup_v1_0.v","1F7E25895B54F26329FAC7578E3BECB9E2AF2D3C777A12B38FF2097BF2E8DE90"
"ipcore/hsst/rtl/ipml_hsst_rst/ipml_hsst_pll_rst_fsm_v1_0.v","C7A4BF7FEF04B6B6B97DE01CBBB61A0B9890EE47ADEBF3D117D29460FF5F51A2"
"ipcore/hsst/rtl/ipml_hsst_rst/ipml_hsst_rst_debounce_v1_0.v","85826B29179E7F44647B2A55043D514E7BA1F3359D18FACE9EEDC9E0DC1A8D82"
"ipcore/hsst/rtl/ipml_hsst_rst/ipml_hsst_rst_pll_v1_0.v","FABD43B7E3EBDC88BBF89CC2F043A99B50F890A9D6C0CF792E84494EE314BE13"
"ipcore/hsst/rtl/ipml_hsst_rst/ipml_hsst_rst_rx_v1_1.v","55C5543F4D7D13122503A37F2408EE830F2C4AA7D8D23A3E085154914F4331F7"
"ipcore/hsst/rtl/ipml_hsst_rst/ipml_hsst_rst_sync_v1_0.v","805A9B57C100E3966CC02AB21712CC54C604F866B0B831F45C2BF5EFCA1344D8"
"ipcore/hsst/rtl/ipml_hsst_rst/ipml_hsst_rst_tx_v1_0.v","7FEB4369132C8B6D46A43305984B1AD54C6D3E1AA1F356D93BBC4E0C46B27024"
"ipcore/hsst/rtl/ipml_hsst_rst/ipml_hsst_rst_v1_1.v","CE8225C82117B9CA878CFE682892C44E1550CB1441F9460ADE209882360E8673"
"ipcore/hsst/rtl/ipml_hsst_rst/ipml_hsst_rst_wtchdg_v1_0.v","FBDBE0863E2546DDAFE005974047B2458B0C536BC7A7F916B694D346FA039B60"
"ipcore/hsst/rtl/ipml_hsst_rst/ipml_hsst_rxlane_rst_fsm_v1_1.v","4B8A17F26B77320323696AB536793B3991285A5CC744F5ABDE94FCB3A0C0ECC6"
"ipcore/hsst/rtl/ipml_hsst_rst/ipml_hsst_txlane_rst_fsm_v1_0.v","1E92DE4CB9B34D6484B9B3E8B98D523EFD8B81E722B3250874FB88D168485808"
"ipcore/hsst/sim/modelsim/pango_hsst_top_filelist.f","0588688C143E9C7DB71CD861825F0A0AE23CE6CCE4AD2F8B062632128A88F751"
"ipcore/hsst/sim/modelsim/pango_hsst_top_sim.do","DECF50946164B8B15501F817EA1A1D01A2EFBBBE6C3A2ABBDBF15651A8603891"
"ipcore/hsst/sim/modelsim/pango_hsst_top_wave.do","E5427A1113D8A821EDAB904CC6FE94FDD9001674C4ADC9328F0929B0DAF4DD6F"
"ipcore/hsst/sim/modelsim/sim.bat","EBEBFD516E7B9ACE9D9CBF0F173D56875064311ADE916344EEC8567D522FD0C3"
"ipcore/pcie_test/example_design/bench/ipsl_pcie_wrap_v1_3_sim.v","F3BADF7BF7441D489389C1B9AB6BA20FC4B85316AF51CC5761D731683428C244"
"ipcore/pcie_test/example_design/bench/pango_pcie_top_sim.v","DB0D4B5A1E3AC227AD41C4BAFAA047D1D89C3A38D16D9DF8261D85C375AA2C3E"
"ipcore/pcie_test/example_design/bench/pango_pcie_top_tb.v","B9220C8E9803256BEF16CFE86A30CFFB33ACFB6BBECD4426BCFC0D96BB6B3F06"
"ipcore/pcie_test/example_design/bench/pango_pcie_top.v","9ED16690933270E19071AA45ACD401D89299D1FB9A0DA46754D7F005CC5E57DC"
"ipcore/pcie_test/example_design/rtl/ipsl_expd_apb_mux.v","B29ED02C1B8BE8FFB5F0B33474689BE6C3072CEE72A71F6AF20AAD4304D16456"
"ipcore/pcie_test/example_design/rtl/ipsl_pcie_cfg_ctrl/rtl/ipsl_pcie_cfg_ctrl_apb.v","AF4995634A6D497CEA23754FA2AEF974CD9DF076A43F3FDC042C3323D3A5FABA"
"ipcore/pcie_test/example_design/rtl/ipsl_pcie_cfg_ctrl/rtl/ipsl_pcie_cfg_ctrl.v","4707A273CE5FCD87C8FBD141FB0B263FB659F617F6DB9A365FEA7F1BB954F38A"
"ipcore/pcie_test/example_design/rtl/ipsl_pcie_cfg_ctrl/rtl/ipsl_pcie_cfg_trans.v","3A4773F8E65B16E064EF5F77ECE29AAB1B2199227059540DE32D16C4144CBD93"
"ipcore/pcie_test/example_design/rtl/ipsl_pcie_dma_ctrl/fifo/ipm_distributed_sdpram_v1_2_distributed_fifo.v","0FE90C9C82183DCF40FBD7A2AD8FD493AAD057BCE05055542482AEAD8459875B"
"ipcore/pcie_test/example_design/rtl/ipsl_pcie_dma_ctrl/fifo/pgs_pciex4_fifo_ctrl.v","DD0D5D0B46D5DADF5B6478CD181385E47CC1AC0C89FB6C4B6AF3D75827CAD8B4"
"ipcore/pcie_test/example_design/rtl/ipsl_pcie_dma_ctrl/fifo/pgs_pciex4_fifo_v1_2.v","D6BC0CB14764A9F86EC313BAE0A9A3080D461CCD8B7C7A679FB4442DF6558ADB"
"ipcore/pcie_test/example_design/rtl/ipsl_pcie_dma_ctrl/ipm_distributed_sdpram_v1_2.v","58B3FA2B8F756C84E57333ACC2C91700C4DEA52F46943A53275AE03DBD0DA10C"
"ipcore/pcie_test/example_design/rtl/ipsl_pcie_dma_ctrl/ipsl_pcie_dma_controller.v","9C5BE3AC51A907321DC5C180F150470928ADC3C9E3B6EB229C8B57C31F3747FA"
"ipcore/pcie_test/example_design/rtl/ipsl_pcie_dma_ctrl/ipsl_pcie_dma_cpld_tx_ctrl.v","A04866A7F7700C0C403FEDAC4D74909B8A596452FF1E3DDB0B537145A77DF05D"
"ipcore/pcie_test/example_design/rtl/ipsl_pcie_dma_ctrl/ipsl_pcie_dma_mrd_tx_ctrl.v","94978D1AC6262FAAD17F1166642E10FCFEAC564FE3F4926864010E75AC8FF1AB"
"ipcore/pcie_test/example_design/rtl/ipsl_pcie_dma_ctrl/ipsl_pcie_dma_mwr_tx_ctrl.v","EC348550EADC96DA325DEE0D337C8DF7F51D21B03E4702730334730460B1B720"
"ipcore/pcie_test/example_design/rtl/ipsl_pcie_dma_ctrl/ipsl_pcie_dma_ram/ipsl_pcie_dma_ram.v","833EDF52A7F92FCB031087102EF11B4978E82CD60974640142A412FE6373C125"
"ipcore/pcie_test/example_design/rtl/ipsl_pcie_dma_ctrl/ipsl_pcie_dma_ram/rtl/ipml_sdpram_v1_5_ipsl_pcie_dma_ram.v","D31306376F475066590A1B731DD12036804A874E04545D8EDC4AD70783DF8149"
"ipcore/pcie_test/example_design/rtl/ipsl_pcie_dma_ctrl/ipsl_pcie_dma_ram/rtl/ipsl_pcie_dma_ram_init_param.v","4D5CAD746CADA65B79961235945801E6B1EFE66064C7BAA4604BFE1F5C979BDF"
"ipcore/pcie_test/example_design/rtl/ipsl_pcie_dma_ctrl/ipsl_pcie_dma_rd_ctrl.v","7A69461C530463C1DBC572391CF0A0155E8E3DD8BD84FD378225D3DEC04FF00B"
"ipcore/pcie_test/example_design/rtl/ipsl_pcie_dma_ctrl/ipsl_pcie_dma_rx_cpld_wr_ctrl.v","879FD6E5BDA51392FF840DE80878C138B19055F69E0755F405E569E732B2A484"
"ipcore/pcie_test/example_design/rtl/ipsl_pcie_dma_ctrl/ipsl_pcie_dma_rx_mwr_wr_ctrl.v","A92C87D8B7CD0C6E946E9E04ACD30576F5A7277F8A19C3E3CC8769040AAF0B3F"
"ipcore/pcie_test/example_design/rtl/ipsl_pcie_dma_ctrl/ipsl_pcie_dma_rx_top.v","9E224629BD03F4068D91A72DFD4D603100D2420D9179DD9EE0DDB8028A846300"
"ipcore/pcie_test/example_design/rtl/ipsl_pcie_dma_ctrl/ipsl_pcie_dma_tlp_rcv.v","6112264429A2C354745634A1307261A073E9CA4CE5358468752B1D7A88FCA580"
"ipcore/pcie_test/example_design/rtl/ipsl_pcie_dma_ctrl/ipsl_pcie_dma_tlp_tx_mux.v","64933814DFAD1F9CDC72C341E19B7A8904C4706340A0B0C62570253E5958E571"
"ipcore/pcie_test/example_design/rtl/ipsl_pcie_dma_ctrl/ipsl_pcie_dma_tx_cpld_rd_ctrl.v","4D4A57424AAB576F80A5FC6CD0B4F97B67E9063D4E74C14314622C0BD03AB3AB"
"ipcore/pcie_test/example_design/rtl/ipsl_pcie_dma_ctrl/ipsl_pcie_dma_tx_mwr_rd_ctrl.v","0F4519525265F076C4FD28A2C7FE16739776DC83094A580607A9C5A36500BD4B"
"ipcore/pcie_test/example_design/rtl/ipsl_pcie_dma_ctrl/ipsl_pcie_dma_tx_top.v","B964B136194845306D62A8AB8D90A89AA2529C77CFAB6394A634267DCC553A4B"
"ipcore/pcie_test/example_design/rtl/ipsl_pcie_dma_ctrl/ipsl_pcie_dma_wr_ctrl.v","88D13F0C9D28C475D562C0687DD6B7DC7E252483D502F83553160DBFCA227421"
"ipcore/pcie_test/example_design/rtl/ipsl_pcie_dma_ctrl/ipsl_pcie_dma.v","BA65CFC9B732623E50B7EE57DD305E6510DDDB9F8A6A64897030739F53A18710"
"ipcore/pcie_test/example_design/rtl/ipsl_pcie_dma_ctrl/ipsl_pcie_reg.v","1331FB45E93910B782DF5B5B10FEE5499618FF01B6B5B2503436EEDF282134DA"
"ipcore/pcie_test/example_design/rtl/ipsl_pcie_dma_ctrl/pgs_pciex4_prefetch_fifo_v1_2.v","774366EC7357621CAED959CB6180CC6034F21CEAFDFDE9D9F3FA24F6848F1AEE"
"ipcore/pcie_test/example_design/rtl/uart2apb_32bit/fifo/pgm_distributed_fifo_ctr_v1_0.v","2497CCAE5E7FA48671D5ECE3CE36B8FC8EC19107E5FD0481733732E01BBD944D"
"ipcore/pcie_test/example_design/rtl/uart2apb_32bit/fifo/pgm_distributed_fifo_v1_1.v","747E36A75C5FD655596254EDDC6FF20FF79680067BBBC8C65F8CA9103E4B93BE"
"ipcore/pcie_test/example_design/rtl/uart2apb_32bit/fifo/pgm_distributed_sdpram_v1_1.v","4906C64935A81A61BE71A5DA7F2FBA967EA5D87E0BEFE098A8F632A6585987C5"
"ipcore/pcie_test/example_design/rtl/uart2apb_32bit/fifo/pgr_prefetch_fifo.v","C9825FA0B214CF736176B27AA29677588CC893B235457E892B73BD189ABC4105"
"ipcore/pcie_test/example_design/rtl/uart2apb_32bit/pgr_apb_ctr_32bit.v","166C72979DF9605C924BA8A5B89AD2687189C75BD531FA810C29F21C85C249AC"
"ipcore/pcie_test/example_design/rtl/uart2apb_32bit/pgr_apb_mif_32bit.v","5F807117018B627C64354F8AD534824C16CDB3816CB2B77E789B2F1E837CCCFF"
"ipcore/pcie_test/example_design/rtl/uart2apb_32bit/pgr_clk_gen_32bit.v","490A31E646BF1F0AA77214666C03DB76E547C1E498F31455FC172D22CD78EB52"
"ipcore/pcie_test/example_design/rtl/uart2apb_32bit/pgr_cmd_parser_32bit.v","EA0336377F91AC404BFDCE1280BCCC03398E65F5AB897111A954449AD183754E"
"ipcore/pcie_test/example_design/rtl/uart2apb_32bit/pgr_fifo_top_32bit.v","E0DE010FF44C84C11A29DEDD5C94159FD262EE32AC71BE576A5733508B84DFAD"
"ipcore/pcie_test/example_design/rtl/uart2apb_32bit/pgr_uart_rx_32bit.v","F50F4A813843B44B8898555D3456E1CF35CEEE27DA648BB24848EDB7F46D35C9"
"ipcore/pcie_test/example_design/rtl/uart2apb_32bit/pgr_uart_top_32bit.v","DA9D8FFE441CDA34AF80D95D1D809A397014815FB46F0BB0984D1A714E67D30B"
"ipcore/pcie_test/example_design/rtl/uart2apb_32bit/pgr_uart_tx_32bit.v","3F60810BF9F8D883A5A79A7DC2884E4258D7EFE2FAD6EAC29DBE9E8A45D6C2D8"
"ipcore/pcie_test/example_design/rtl/uart2apb_32bit/pgr_uart2apb_top_32bit.v","638434B0B0C5E03AE7215D6501D62C748FFC613A80543B0A71D0C4F5CB3C0597"
"ipcore/pcie_test/example_design/rtl/uart2apb_32bit/rstn_sync_32bit.v","FA7C89E630BEBB09F80AF29A780412E72F24E7960AD28FF12EA8BBDC0388ED17"
"ipcore/pcie_test/pcie_test_tmpl.v","39A6E980A48B9FC9AEF3B50EF833EA728FE92D01001681D018D9D4BA179593B3"
"ipcore/pcie_test/pcie_test_tmpl.vhdl","90BC02C514A5513E3BE1366C1FEE72D8DCD93CBFF200B4AD09E0821E86235FB8"
"ipcore/pcie_test/pcie_test.idf","197CDAEFB31BC54F5E0EDEB7F856252C073758F3671EA412A1B4F453306A66B7"
"ipcore/pcie_test/pcie_test.v","04EC5E849A82236CB69A621D2BE091C818191E032A588EA1842C91A25CE54D60"
"ipcore/pcie_test/pnr/core_only/pcie_test.fdc","80B8A50FC5F4930CF940D43293EABDCB42CC8FACC9F69D47A19B568257CF2299"
"ipcore/pcie_test/pnr/core_only/pcie_test.pds","74D98966D82F1C46AD55B216F29BCB408753D10D8FBAD4C3881A192B61B842A4"
"ipcore/pcie_test/pnr/example_design/pango_pcie_top.backup_1.pds","79EC3CDB375AAEE4D5FB179089CF4DE191ED833F0A04E7F38595E7B1E9962573"
"ipcore/pcie_test/pnr/example_design/pango_pcie_top.fdc","E5B4C49B51459E4158CAB6F3D805769CABABDEB98E65C21CD3004F7DF65B549A"
"ipcore/pcie_test/pnr/example_design/pango_pcie_top.pds","1979C791DE88338B30CDF609ACC011E99FAEE005B69304B6570503858DEA75E7"
"ipcore/pcie_test/readme.txt","86F94D106264EEFFD6053342676EB848967652A9AD2C5C8D070E43A3B89633A7"
"ipcore/pcie_test/rtl/ipml_pcie_hsst/ipml_pcie_hsst_x1_top.v","6FA78DB253DC728C8FDD0773403C6C2F82962D7D7E5650D1591F84238C9CECB4"
"ipcore/pcie_test/rtl/ipml_pcie_hsst/ipml_pcie_hsst_x2_top.v","FB5FF50454672077849546CF2E3AEDE35961CA55FEDE159BD60958770768EE83"
"ipcore/pcie_test/rtl/ipml_pcie_hsst/ipml_pcie_hsst_x4_top.v","2D98F3BA126742755BF2DB87DA881BC294CCDC5E61ABED837AD9E9168C71B55F"
"ipcore/pcie_test/rtl/ipml_pcie_hsst/rtl/ipml_hsst_rst/ipml_hsst_fifo_clr_v1_0.v","D33AE6B4DE41B1FC4F5E504F17569E45C8F85FB82AA80D421E03F3C26D6B3203"
"ipcore/pcie_test/rtl/ipml_pcie_hsst/rtl/ipml_hsst_rst/ipml_hsst_lane_powerup_v1_0.v","1F7E25895B54F26329FAC7578E3BECB9E2AF2D3C777A12B38FF2097BF2E8DE90"
"ipcore/pcie_test/rtl/ipml_pcie_hsst/rtl/ipml_hsst_rst/ipml_hsst_pll_rst_fsm_v1_0.v","C7A4BF7FEF04B6B6B97DE01CBBB61A0B9890EE47ADEBF3D117D29460FF5F51A2"
"ipcore/pcie_test/rtl/ipml_pcie_hsst/rtl/ipml_hsst_rst/ipml_hsst_rst_debounce_v1_0.v","85826B29179E7F44647B2A55043D514E7BA1F3359D18FACE9EEDC9E0DC1A8D82"
"ipcore/pcie_test/rtl/ipml_pcie_hsst/rtl/ipml_hsst_rst/ipml_hsst_rst_pll_v1_0.v","FABD43B7E3EBDC88BBF89CC2F043A99B50F890A9D6C0CF792E84494EE314BE13"
"ipcore/pcie_test/rtl/ipml_pcie_hsst/rtl/ipml_hsst_rst/ipml_hsst_rst_rx_v1_1.v","55C5543F4D7D13122503A37F2408EE830F2C4AA7D8D23A3E085154914F4331F7"
"ipcore/pcie_test/rtl/ipml_pcie_hsst/rtl/ipml_hsst_rst/ipml_hsst_rst_sync_v1_0.v","805A9B57C100E3966CC02AB21712CC54C604F866B0B831F45C2BF5EFCA1344D8"
"ipcore/pcie_test/rtl/ipml_pcie_hsst/rtl/ipml_hsst_rst/ipml_hsst_rst_tx_v1_0.v","7FEB4369132C8B6D46A43305984B1AD54C6D3E1AA1F356D93BBC4E0C46B27024"
"ipcore/pcie_test/rtl/ipml_pcie_hsst/rtl/ipml_hsst_rst/ipml_hsst_rst_v1_1.v","CE8225C82117B9CA878CFE682892C44E1550CB1441F9460ADE209882360E8673"
"ipcore/pcie_test/rtl/ipml_pcie_hsst/rtl/ipml_hsst_rst/ipml_hsst_rst_wtchdg_v1_0.v","FBDBE0863E2546DDAFE005974047B2458B0C536BC7A7F916B694D346FA039B60"
"ipcore/pcie_test/rtl/ipml_pcie_hsst/rtl/ipml_hsst_rst/ipml_hsst_rxlane_rst_fsm_v1_1.v","4B8A17F26B77320323696AB536793B3991285A5CC744F5ABDE94FCB3A0C0ECC6"
"ipcore/pcie_test/rtl/ipml_pcie_hsst/rtl/ipml_hsst_rst/ipml_hsst_txlane_rst_fsm_v1_0.v","1E92DE4CB9B34D6484B9B3E8B98D523EFD8B81E722B3250874FB88D168485808"
"ipcore/pcie_test/rtl/ipml_pcie_hsst/rtl/ipml_pcie_hsst_x1_wrapper_v1_3e.v","E17B8132D616E0E1D20870556A1984ABF059BB1EC7872EBF34B7BFA3BE9F5BD2"
"ipcore/pcie_test/rtl/ipml_pcie_hsst/rtl/ipml_pcie_hsst_x2_wrapper_v1_3e.v","ABAF057205A34477245BBC2825B111626F35CE621502C90D84734542F7A5D025"
"ipcore/pcie_test/rtl/ipml_pcie_hsst/rtl/ipml_pcie_hsst_x4_wrapper_v1_3e.v","0566633F9638610F19B5DAA17318196D9A7AC47FB72597BA3027BDD848A59676"
"ipcore/pcie_test/rtl/ipsl_pcie_apb_cross_v1_0.v","BEE4BE9DCA3E1F1369173887A7C74CD98FCA34C1A5E59823E73C237C5F79C138"
"ipcore/pcie_test/rtl/ipsl_pcie_apb_mux_v1_1.v","B3DD7E7FCADFC9BB26D20701F5B00FDDBB5C59B31085B7DFC41DFE8B735483B9"
"ipcore/pcie_test/rtl/ipsl_pcie_apb2dbi_v1_0.v","520313865D225180C43531F9101FAEB7FDEAB2F17FA28B0FD45D54ABE6E34710"
"ipcore/pcie_test/rtl/ipsl_pcie_cfg_init_v1_3.v","2205178A8391E54AD8C38116F0938183DF3714D6C0FF31C8066F20DC58A7A1FF"
"ipcore/pcie_test/rtl/ipsl_pcie_ext_ram/ipsl_pcie_ext_rcvd_ram/ipsl_pcie_ext_rcvd_ram.v","E95363DCA98367C062A64EE330CA19E2BDB95084DC444071739A7BA3B873888B"
"ipcore/pcie_test/rtl/ipsl_pcie_ext_ram/ipsl_pcie_ext_rcvd_ram/rtl/ipml_sdpram_v1_5_ipsl_pcie_ext_rcvd_ram.v","E3327553FBA255F2F699222AEC97572674E6CA31F43DC9917AED9E06A7DF7C07"
"ipcore/pcie_test/rtl/ipsl_pcie_ext_ram/ipsl_pcie_ext_rcvd_ram/rtl/ipsl_pcie_ext_rcvd_ram_init_param.v","EED1E6A4AB0877619D4F7ACB3357AAA4985F7A5AAC1D753A9E63B9F45DC0077B"
"ipcore/pcie_test/rtl/ipsl_pcie_ext_ram/ipsl_pcie_ext_rcvh_ram/ipsl_pcie_ext_rcvh_ram.v","6B8F51D3A1622D6F71554807F80423BFA0EA2322B1628F85689216AA248BB136"
"ipcore/pcie_test/rtl/ipsl_pcie_ext_ram/ipsl_pcie_ext_rcvh_ram/rtl/ipml_sdpram_v1_5_ipsl_pcie_ext_rcvh_ram.v","2ADE9B882DB9CA7D928B4E4CDFD87E07A5B5400879EF3CDFDE003705D51BA03E"
"ipcore/pcie_test/rtl/ipsl_pcie_ext_ram/ipsl_pcie_ext_rcvh_ram/rtl/ipsl_pcie_ext_rcvh_ram_init_param.v","17231A8F70C290A982E2996C1AA4EB59C6BBA1EC26120E1438046AAA3D984DFE"
"ipcore/pcie_test/rtl/ipsl_pcie_ext_ram/ipsl_pcie_retryd_ram/ipsl_pcie_retryd_ram.v","9ACE460F13C7DF847DC082975D48F33DB5D60079360CD40D35CF71F60FE76090"
"ipcore/pcie_test/rtl/ipsl_pcie_ext_ram/ipsl_pcie_retryd_ram/rtl/ipml_spram_v1_4_ipsl_pcie_retryd_ram.v","10EB151B5406A60640118CEC0542C57063B9F91E53F8A36EDCCE45D9F549FE93"
"ipcore/pcie_test/rtl/ipsl_pcie_ext_ram/ipsl_pcie_retryd_ram/rtl/ipsl_pcie_retryd_ram_init_param.v","11878EECC0D6D5DE6BEF73D63DFF2B38F4E8B42E8731DBFDD4A8916C51586FEE"
"ipcore/pcie_test/rtl/ipsl_pcie_hard_ctrl_v1_3.v","B397FAFD019F3FA62E8744F373E508FBCA4862C25A2A05A6E8B9B9D9CCA93112"
"ipcore/pcie_test/rtl/ipsl_pcie_pipe/hsst_rst_cross_sync_v1_0.v","89329708FCABA6F812405BCB0D19D5E172EA4B9F14229C0AF3FD20A78FECDD51"
"ipcore/pcie_test/rtl/ipsl_pcie_pipe/hsst_rst_debounce_v1_0.v","CD10B4D55A8F4CD9060E6480D48A5F79ABE539484972D91F80B2DE2FB128138F"
"ipcore/pcie_test/rtl/ipsl_pcie_pipe/hsst_rst_wtchdg_v1_0.v","D415F022E53A15677FF2187528406E401219FA7A35B7426F6C465FEF513A2302"
"ipcore/pcie_test/rtl/ipsl_pcie_pipe/hsstl_phy_mac_rdata_proc.v","7D023535521798E91652D94483DD59AF3B7FB5FFBE0D6390014D411EE7F75535"
"ipcore/pcie_test/rtl/ipsl_pcie_pipe/hsstl_rst4mcrsw_rx_init_v1_0.v","FBB47D49793D9AA3849F27359D4767289593FE8C7E785D8D61076FB7D788F795"
"ipcore/pcie_test/rtl/ipsl_pcie_pipe/hsstl_rst4mcrsw_rx_rst_fsm_v1_0.v","67EEC6E34919994FC1F7B51334877BEF06639CB73084A413BA08CB0A78CA27BE"
"ipcore/pcie_test/rtl/ipsl_pcie_pipe/hsstl_rst4mcrsw_rx_rst_initfsm_v1_0.v","F2B6A4335DD1431BD747BBDC971C95ED9B966FA42428EA65A520BBD8E498FBA8"
"ipcore/pcie_test/rtl/ipsl_pcie_pipe/hsstl_rst4mcrsw_rx_v1_0.v","6A06E7E69322C39D29A244ABA09D9D9AD52FB4EF88D19FD8CCECC432A216291A"
"ipcore/pcie_test/rtl/ipsl_pcie_pipe/hsstl_rst4mcrsw_tx_rst_fsm_v1_1.v","5498307B613DF0A787287DA51505ADC90C0F018B7EE8DBB1730626FC51B79DF6"
"ipcore/pcie_test/rtl/ipsl_pcie_pipe/hsstl_rst4mcrsw_tx_v1_0.v","7FA5AA9DA2EF1AF176C59A93F418D5DA8740A459EE571226E9BD164E02931EDA"
"ipcore/pcie_test/rtl/ipsl_pcie_pipe/hsstl_rst4mcrsw_v1_0.v","5A18204B230E07058856801FC23228D9BF82B91869D70FC5481EB710B8560F62"
"ipcore/pcie_test/rtl/ipsl_pcie_seio_intf_v1_0.v","DCBCA2954D7BF5028B4C141256ACA853EE3841BD05EFF9C06AE53AD78C964568"
"ipcore/pcie_test/rtl/ipsl_pcie_soft_phy_v1_2a.v","C38C2C670D16633A981F96E44848625882F26AF8D282FE786A466814C69FC1A5"
"ipcore/pcie_test/rtl/ipsl_pcie_sync_v1_0.v","6AA32E617F1350DECCD13A1217365DAD9B7E13E1A0D341437E412AF69A6C164A"
"ipcore/pcie_test/rtl/ipsl_pcie_top_v1_3.v","E3EF165DF64B190708CE58B8EFBE51A175087DF9CB2C907C1D6DBD31A60D2572"
"ipcore/pcie_test/sim/modelsim/DWC_pcie_ctl_cc_constants.svh","FF6423F0644BE5B753B9668625407AE05C71335B4D1B015F80DBCC80A2B1CEDC"
"ipcore/pcie_test/sim/modelsim/include/adm_defs.svh","73E72BE2F06384805C7B98177392BD00F577DB699702667383D870945A117E0F"
"ipcore/pcie_test/sim/modelsim/include/cap_port_cfg.svh","08E75FE64442C3B78570FB03695EB1E90A2E96D5709553233A1EC8F6DBA47898"
"ipcore/pcie_test/sim/modelsim/include/cxpl_defs.svh","784BBDFC1AC49546B97600640CA98F651FE1DCCDFD2596B2C840FDACC39D37CC"
"ipcore/pcie_test/sim/modelsim/include/DWC_pcie_ctl_all_defs.svh","66D4EA250254730E532EE6122980687EA2454191875CBE45E2F88C7A6CCDC6CE"
"ipcore/pcie_test/sim/modelsim/include/pcie_defs.svh","7BDDE5FE9148645D2D8BBE9D822B9FE1137434B5B96B9DFFB2D81684C7EB2EF0"
"ipcore/pcie_test/sim/modelsim/include/pipe_defines.svh","AF7C7E7F6A10E699E7C0D9B95374072BDC16E87C918D92D49B038C2D84D98D77"
"ipcore/pcie_test/sim/modelsim/include/port_cfg.svh","F41AC4C8B9193E45262CDB4A769DC73372E76F8A9E07DAACCACEF76E01EC9B52"
"ipcore/pcie_test/sim/modelsim/include/radm_defs.svh","9D283A2428C251D13E347A2430700881659769D3927981456DA57CAC2A0F62C8"
"ipcore/pcie_test/sim/modelsim/ipsl_pcie_dma_ram_init_param.v","4D5CAD746CADA65B79961235945801E6B1EFE66064C7BAA4604BFE1F5C979BDF"
"ipcore/pcie_test/sim/modelsim/ipsl_pcie_ext_rcvd_ram_init_param.v","EED1E6A4AB0877619D4F7ACB3357AAA4985F7A5AAC1D753A9E63B9F45DC0077B"
"ipcore/pcie_test/sim/modelsim/ipsl_pcie_ext_rcvh_ram_init_param.v","17231A8F70C290A982E2996C1AA4EB59C6BBA1EC26120E1438046AAA3D984DFE"
"ipcore/pcie_test/sim/modelsim/ipsl_pcie_retryd_ram_init_param.v","11878EECC0D6D5DE6BEF73D63DFF2B38F4E8B42E8731DBFDD4A8916C51586FEE"
"ipcore/pcie_test/sim/modelsim/pango_pcie_top_filelist.f","259B993508166C4D2AB5BE2D09C1A90A321EF93E4BAEF1C886868FEF2B16619D"
"ipcore/pcie_test/sim/modelsim/pango_pcie_top_sim.do","41BF2052D33033F4D7A0871ED0FCAF6D67CE45F250A6B931C074F5A97FDF6D53"
"ipcore/pcie_test/sim/modelsim/pango_pcie_top_wave.do","C762472C8501F44A03AC6F531D4E82E500FE85ED92A98B8119521A584668AA81"
"ipcore/pcie_test/sim/modelsim/power_management/DWC_pcie_pm_pkg.svh","C27AB8AE16C2516E876C8A51E3299BC360E6E99A6872F0873F3893E95C30B70A"
"ipcore/pcie_test/sim/modelsim/sim.bat","B456560508685DA4B71762087698E8B6EFC4205B9BC116622EE742D5A4495FA4"
"ipcore/pll/pll_tb.v","E2499BA9C5B743AFA5E1B1F08059F092F6E7AC0218E1337BC350E9F43A6C919D"
"ipcore/pll/pll_tmpl.v","E542A6C3E12B93C772F393C7CC7076309CFB9D63C674B8482BEE220FAAE29A10"
"ipcore/pll/pll_tmpl.vhdl","DF379F568D43913D7256638AB348423466353109B7C21B1C4CF6C854389FC40F"
"ipcore/pll/pll.idf","1BC4B2011E695E63D156E6CCB8CEA6B915E6E28996711FE5517DF0B6075A5BCB"
"ipcore/pll/pll.v","363B4FEDAD8C4B2AD71A199AD0BF8D92C761135B0F115734B2AA1027A85F5B83"
"ipcore/read_ddr_fifo/read_ddr_fifo_prefetch.v","DA8B6BD13725C65BEB6A099285B15AC67D78473E419FA16280CAD24444E7C874"
"ipcore/read_ddr_fifo/read_ddr_fifo_tb.v","42CCFBDECDEA5035D3C1F488E2FC5441601E2F99E549BDF08DFDB1411C6EED3C"
"ipcore/read_ddr_fifo/read_ddr_fifo_tmpl.v","23B98021691D1A2AE6FA2157036DC95081B86681ACCE5FAF26E05B6868A95112"
"ipcore/read_ddr_fifo/read_ddr_fifo_tmpl.vhdl","D7A7D638925F7E2EAD0AFE202969701D8304D7B556003A40C37B4A530F42B4EC"
"ipcore/read_ddr_fifo/read_ddr_fifo.idf","C96BE35B5E7E4FE75E963AB1CA0678F40F0FA236420104A44D4653DAD82C27F1"
"ipcore/read_ddr_fifo/read_ddr_fifo.v","11EF7DFF1AFF50D59757BB5897E238103F2A222855590E8A7AF7CBEDB93C68E1"
"ipcore/read_ddr_fifo/rtl/ipml_fifo_ctrl_v1_4_read_ddr_fifo.v","F0DBF5E0CEF64852F4D3FDFB8DD8F855851A0EE2CA1F52EBA227038D17836CB9"
"ipcore/read_ddr_fifo/rtl/ipml_fifo_v1_9_read_ddr_fifo.v","5F431BA0CB881F380BA8CC067A4C5B81C570EAF12218965F8C09A4A4C562484E"
"ipcore/read_ddr_fifo/rtl/ipml_prefetch_fifo_v1_9_read_ddr_fifo.v","3BD0EF7A5212107189C1E9702213A8C0647B493A71A7444A3E80B087F264D475"
"ipcore/read_ddr_fifo/rtl/ipml_reg_fifo_v1_1_read_ddr_fifo.v","98BE1E71B068C6C49C04318C09D72CF3572B6292F375D1C956090A783ED789F2"
"ipcore/read_ddr_fifo/rtl/ipml_sdpram_v1_9_read_ddr_fifo.v","EC29C840CDCED47C9FAFBE493209E3610A2F1CA468B28EC7CB943D039F4FBED2"
"ipcore/sfp_rx_32x2048/rtl/ipml_fifo_ctrl_v1_4_sfp_rx_32x2048.v","1AE651301CDCD58929E7617E289344F9CFB0BC6C2671656F837216017BBE1019"
"ipcore/sfp_rx_32x2048/rtl/ipml_fifo_v1_9_sfp_rx_32x2048.v","4BA70EBA8DEEF65D221F51ABF2C64E971596A8884BD4DD23683C252B7E48E6CA"
"ipcore/sfp_rx_32x2048/rtl/ipml_prefetch_fifo_v1_9_sfp_rx_32x2048.v","C3EF25D70F8E54F7B3E08D76D5C0F1827477A541001DF1E9CC10DC5BCFF48C6B"
"ipcore/sfp_rx_32x2048/rtl/ipml_reg_fifo_v1_1_sfp_rx_32x2048.v","521CEC2AE7F6A6414869853565B6B10A57D671213AD0615EFD5CF29E41EFD355"
"ipcore/sfp_rx_32x2048/rtl/ipml_sdpram_v1_9_sfp_rx_32x2048.v","1C9A17B146AFAFF9A4A99A008223BCDA71DAF27979121D4741FBE617EF220CB7"
"ipcore/sfp_rx_32x2048/sfp_rx_32x2048_prefetch.v","24A421FC21F4989D5F2ADD9E92A3844AC90556AC1F51DE5CB49453037AC9E3F1"
"ipcore/sfp_rx_32x2048/sfp_rx_32x2048_tb.v","9D2A9BFBD9C0BEEFD2B6ECE4F203EAC4C4626F404071B7922B29456B1866269B"
"ipcore/sfp_rx_32x2048/sfp_rx_32x2048_tmpl.v","B59BC92D1A43955EE3BB77347305D9018A306ADB8AFFBC1C3595F14D5F49863D"
"ipcore/sfp_rx_32x2048/sfp_rx_32x2048_tmpl.vhdl","101B482DE5D3725297A664816DB269BBA9BFFBFC4DCC3BB7DAE560B7455CC975"
"ipcore/sfp_rx_32x2048/sfp_rx_32x2048.idf","91DA71760E73E8A4727806A89938F8B66CBDD2BA8DEEE20614A936B612ED72DD"
"ipcore/sfp_rx_32x2048/sfp_rx_32x2048.v","9249FC3A0DD14C84C1494EAB06F15CA7CCAE4C84DD9E0CEF404A6D002E0D4298"
"ipcore/sfp_tx_4096x16/rtl/ipml_fifo_ctrl_v1_4_sfp_tx_4096x16.v","90F44399E95BA9D7E394C6295BCC18650795634B638DC8FA451A0B9AE7374D90"
"ipcore/sfp_tx_4096x16/rtl/ipml_fifo_v1_9_sfp_tx_4096x16.v","7AED00EFA7A2B1BE5B45E47A7DF3A7E67010169AD642E5B28348B4B382CE2DDF"
"ipcore/sfp_tx_4096x16/rtl/ipml_prefetch_fifo_v1_9_sfp_tx_4096x16.v","5AB5BC9083270413554F288A049AA6B9F94A8C4EE28FB999B3FBF5B49D3CE13A"
"ipcore/sfp_tx_4096x16/rtl/ipml_reg_fifo_v1_1_sfp_tx_4096x16.v","663F694DA896D18080DE035250E72BFFB18CBEDB95124915684DA9728964331C"
"ipcore/sfp_tx_4096x16/rtl/ipml_sdpram_v1_9_sfp_tx_4096x16.v","FF420DE0AB752C4EBABEC24EF8531C49F9264A2F814EF1C897DF39BB56510434"
"ipcore/sfp_tx_4096x16/sfp_tx_4096x16_prefetch.v","F9D8022F97D39E6A90030C1024F1EFB6D5F773719423CF0243EE71E871EC434D"
"ipcore/sfp_tx_4096x16/sfp_tx_4096x16_tb.v","F55CBD181F532B00B78FA45B60630343CF3373C749FA407403A794B228C6257D"
"ipcore/sfp_tx_4096x16/sfp_tx_4096x16_tmpl.v","A230489AD8C8FBF041AE30A6A450BBEF1FB10760BCB2C340F62EC3140706982C"
"ipcore/sfp_tx_4096x16/sfp_tx_4096x16_tmpl.vhdl","8AD838269A72D28344BC9C1F8BF3B470BA773219E9C2AF09B94F1DDF30A9DE4F"
"ipcore/sfp_tx_4096x16/sfp_tx_4096x16.idf","1D09B85CEEC16314A54F23146C957E838D5CEFC5DE471AA95C71EF36996AA4DC"
"ipcore/sfp_tx_4096x16/sfp_tx_4096x16.v","42032646668B6C8148790DEE2B041B7BE235D33AB49B52A85AD051546D5868DE"
"ipcore/write_ddr_fifo/rtl/ipml_fifo_ctrl_v1_4_write_ddr_fifo.v","1413DA26CFB3DCDFC7E5D433F76142ACCDD1A11FB5E2C4C45BD9EF5FEB55617A"
"ipcore/write_ddr_fifo/rtl/ipml_fifo_v1_9_write_ddr_fifo.v","8CB2FCC58E7EB0E38CC66534DFC4F6F4E3520FAC33E2486DD4B7BD13B3CC1A21"
"ipcore/write_ddr_fifo/rtl/ipml_prefetch_fifo_v1_9_write_ddr_fifo.v","C8B864E920A1BB4C54DA45129CF2A68BAE4560A8D10E1F48E4CD10455656589C"
"ipcore/write_ddr_fifo/rtl/ipml_reg_fifo_v1_1_write_ddr_fifo.v","BFB285A0DA01ED7D4510B2E17A5F2EA3B7E3E2BE9607B28556C7647E7849618E"
"ipcore/write_ddr_fifo/rtl/ipml_sdpram_v1_9_write_ddr_fifo.v","EE34CAF1A4B664769EB6D8902974DE500C90754CA6BF2AD9055C7C654341E289"
"ipcore/write_ddr_fifo/write_ddr_fifo_prefetch.v","BE908C49453CB04DCF0EF4C8AA4EF2334BBB42FE6862A692E154A5814E2E62F1"
"ipcore/write_ddr_fifo/write_ddr_fifo_tb.v","E63C449E10AB625585B4239DE30C1ADDBBFFBBB42F39546098690309BB37DAE3"
"ipcore/write_ddr_fifo/write_ddr_fifo_tmpl.v","BCE97FE3930FE9EDECA19B0999482A3A10CE48682AB90358EBA0D5805188100B"
"ipcore/write_ddr_fifo/write_ddr_fifo_tmpl.vhdl","86F0CF987C5F04D580731256D38D1C9CE7F46CC59417A0851AAE32947B33B248"
"ipcore/write_ddr_fifo/write_ddr_fifo.idf","6E1E46163AE2902C72310B91EF48F22A3A23847A4B7043183167F66195D6E20E"
"ipcore/write_ddr_fifo/write_ddr_fifo.v","F423661EA82CF829685AA09E7DEF0AFF75BBFB554E9DB1E7D5545F52C2024F68"
"rc/handshake_reference.h","3F37664F8205693210C31731E1B256E309A968E4138B0A1BD72711F518FF50A9"
"README.md","D8C982E481A730E22B14A782933CF83CC2E3F2E8A093B4B7C4AB75051EDD099F"
"source/ddr3_ctrl_top.v","F379C8455A0659CE17F8DE678032F4661951E9F5ACDD4F4285C340E9EF48253A"
"source/hdmi_ddr_pcie.fdc","B3DDC3179A31D55B4F281F4A3F8DC19A594982F0482B73A64DBEFD41BFB7A027"
"source/hdmi_ddr_pcie.v","7504B705B1A96A301B13EE7A15264512DD905943525E30F2296B7936ACA8B235"
"source/read_ddr_fifo/read_ddr_fifo_prefetch.v","80B637D02BAA90981266895FBA4DB3B0942B9AF85EC594D4E62B25734DC33069"
"source/read_ddr_fifo/read_ddr_fifo_tb.v","3568038705C0ABEF538E5A5EE9560E32B60A5E36541AC0284A60252AC03EB167"
"source/read_ddr_fifo/read_ddr_fifo_tmpl.v","D4310D69C5C68CA77D32AAE05E844F1A4D4203DE86368A0EC3CA3F2EA60E500E"
"source/read_ddr_fifo/read_ddr_fifo_tmpl.vhdl","9DF98638F3EC7FD240BE16C9055DF48F72EB73CBB137BA6E0884876C810538A8"
"source/read_ddr_fifo/read_ddr_fifo.idf","3EFE9A36A3EF4F0A6DA63A81E3E47083CAC8ADEC4B8746E01BF218EBF3EF3954"
"source/read_ddr_fifo/read_ddr_fifo.v","F32BBAF81F6BCC0002F8930743D3AD9D12CDBBFC49D3B7EEE379BDE0442CDA7F"
"source/read_ddr_fifo/rtl/ipml_fifo_ctrl_v1_4_read_ddr_fifo.v","F0DBF5E0CEF64852F4D3FDFB8DD8F855851A0EE2CA1F52EBA227038D17836CB9"
"source/read_ddr_fifo/rtl/ipml_fifo_v1_9_read_ddr_fifo.v","5F431BA0CB881F380BA8CC067A4C5B81C570EAF12218965F8C09A4A4C562484E"
"source/read_ddr_fifo/rtl/ipml_prefetch_fifo_v1_9_read_ddr_fifo.v","3BD0EF7A5212107189C1E9702213A8C0647B493A71A7444A3E80B087F264D475"
"source/read_ddr_fifo/rtl/ipml_reg_fifo_v1_1_read_ddr_fifo.v","98BE1E71B068C6C49C04318C09D72CF3572B6292F375D1C956090A783ED789F2"
"source/read_ddr_fifo/rtl/ipml_sdpram_v1_9_read_ddr_fifo.v","D0154B2D9D72E1AACDEE0D522EB1ADC8873AFD75EDDA36F38140FF0E2D017176"
"source/rtl/top_sfp_hdmi_8b10b.v","A0CC9E687D611AED435E3FC2735417428BBE13C4503B7BD0CD1AB364CC91F1FD"
"source/sfp_8b10b_top/sfp_8b10b_top.v","F1787DCEF5F7BA5344BCB65AA8C7387581349C9645640D69355BC4011804876E"
"source/sfp_8b10b_top/sfp_data_align.v","700D530371484F7180906205A3E10BE894FC47B79A5532939A6C0F81429CD5A2"
"source/sfp_8b10b_top/sfp_decode.v","078AA271D6C43F9996CD149487C7764E105CC2A12E5A2098E1986E99C1100BF9"
"source/sfp_8b10b_top/sfp_encoder.v","0819743CDDC8F03831760E49D650B5A3DC8339ED43AAC82E535769C32A21344D"
"source/source/axi_m.v","56BF5B19671C59FA83259F5FB6BA55F0005F0CE150F4477502AEDA589E4FF04D"
"source/source/hdmi_ctrl.v","CC60B15D5D04F9635DBA57C67C6E7BF2436DD4005EE338961999F37FD2AEBB90"
"source/source/iic_rx_driver.v","DC473C04DF6924F6117AC5D19FAE110371984C383DFA859A57B9213182D1E88E"
"source/source/iic_tx_driver.v","57754DCC5F6F953B9ECCEFDD3F6608990EC8A6D2C3D451539A9DCCC3075269F9"
"source/source/ms7200_ctrl.v","282DA15FED33DB25B8F5C3A6CE29735B0AACC6D234E1E0C5C5880D8A42453D6C"
"source/source/ms7210_ctrl.v","F7FBD1C620D4F64B505629B331CF6CC9014483B3596680D0AA5B9CBB2ED49F03"
"source/source/pcie_dma_ctrl.v","0AE262CEDD70DE4723076588975AC6F4166147182F1D94D4DC4A1CEC3331C101"
"source/source/rgb2yuv.v","0A32EFF1B1D2C5310CBA47F9DC17B724B6A125915821AE51C8BA9E66B53F3DA8"
"source/source/rw_fifo_ctrl.v","967EDECD8C368CF4C1E16BF1B0C028364FFBC4DBBD5F0FE6780AABC6D29D27F0"
"source/source/sync_generator.v","7DC94CEE98D6C4822292E3C05BCBC97A74CB599E0DDF1B30F8966E36928A7252"
"source/source/video_enhance.v","CC93E9D10AEAA02FD4196EF991CB68B66F9968C5B912547B824E3339C2350451"
"source/source/yuv2rgb.v","903732CF63EC3FE312541A85436F08394907F57C271114887E5A9C56DB8EC3B7"
"source/write_ddr_fifo/rtl/ipml_fifo_ctrl_v1_4_write_ddr_fifo.v","1413DA26CFB3DCDFC7E5D433F76142ACCDD1A11FB5E2C4C45BD9EF5FEB55617A"
"source/write_ddr_fifo/rtl/ipml_fifo_v1_9_write_ddr_fifo.v","8CB2FCC58E7EB0E38CC66534DFC4F6F4E3520FAC33E2486DD4B7BD13B3CC1A21"
"source/write_ddr_fifo/rtl/ipml_prefetch_fifo_v1_9_write_ddr_fifo.v","C8B864E920A1BB4C54DA45129CF2A68BAE4560A8D10E1F48E4CD10455656589C"
"source/write_ddr_fifo/rtl/ipml_reg_fifo_v1_1_write_ddr_fifo.v","BFB285A0DA01ED7D4510B2E17A5F2EA3B7E3E2BE9607B28556C7647E7849618E"
"source/write_ddr_fifo/rtl/ipml_sdpram_v1_9_write_ddr_fifo.v","707112BEBDFA94AAB430C95AD64409C5F9F6CB036D740BB403E0312337AD5035"
"source/write_ddr_fifo/write_ddr_fifo_prefetch.v","D2D9496B5768FA3058BA43D7F614570D94CE3EB51C55845032158A62DD75769E"
"source/write_ddr_fifo/write_ddr_fifo_tb.v","07751C8331667077703936C3873268431DCEF3A1B3CBC41CE9F67C64E9DD1D77"
"source/write_ddr_fifo/write_ddr_fifo_tmpl.v","652F5EA399D56BCE65A1514B03EEDC5A18D1518A60BDF06BA865C061000E037A"
"source/write_ddr_fifo/write_ddr_fifo_tmpl.vhdl","43446B3F1D9BD97DAAACEB7319D4C9236D551A3D745F1FA522521CCD54454AC9"
"source/write_ddr_fifo/write_ddr_fifo.idf","ADCABD7EE0B16BEA5302BDD3889309148B4C92B6612215094DCBED00192B6EE8"
"source/write_ddr_fifo/write_ddr_fifo.v","D19036C39F7ABBCC4B8E02819AEF40513B0B5DF73ED459D7AEE333E9B229AA73"
"tests/fifo_model.v","691ECB5B3DAE3DA615D90C4AC4F0A02BC7ADEFFE0C90589585CA5EBC1D19DCB9"
"tests/handshake_tb.sv","D166B51EC3E822EA6DD9E56F2758A42FA995915170D571D341AA8790944AB2AB"
"tests/rc_reference_test.c","7EEAB0E4603B89267973BDDCDE277789380B2FDA5FE8A599FB9B53DA047E8145"
"tests/run_rc.ps1","A7C30B96917073455F3334FAA4252B461BD8FEFE7C3953F74BEFB8C3946F58BD"
"tests/run.ps1","9BBD955B45D5FA55FEA10178CEA1F4EF468C0802A52208E834BAD41E94F30913"
